movieID,times
0,2311
1,2052
2,4473
3,640
4,3886
5,3616
6,1145
7,4419
8,393
9,3295
10,1608
11,1267
12,4717
13,4651
14,4405
15,366
16,610
17,4001
18,214
19,3168
20,687
21,2731
22,1274
23,634
24,4444
25,679
26,4787
27,1429
28,3591
29,408
30,1679
31,427
32,4056
33,1185
34,4645
35,4418
36,2596
37,3548
38,4763
39,646
40,3124
41,4563
42,2055
43,262
44,1888
45,4150
46,1318
47,1345
48,3978
49,1851
50,2414
51,4971
52,1945
53,4332
54,4909
55,2174
56,2432
57,1189
58,2511
59,2420
60,1378
61,4105
62,2005
63,2378
64,497
65,522
66,4254
67,2154
68,319
69,2380
70,2633
71,898
72,321
73,4007
74,749
75,3998
76,3946
77,535
78,1739
79,413
80,3334
81,3047
82,1603
83,1561
84,2656
85,365
86,4657
87,1976
88,4684
89,444
90,4460
91,1297
92,4617
93,494
94,4668
95,4579
96,3298
97,862
98,2612
99,4070
100,2359
101,3030
102,1390
103,550
104,4903
105,2444
106,750
107,2304
108,3423
109,246
110,343
111,281
112,4276
113,2619
114,4404
115,2369
116,3806
117,3181
118,4713
119,3272
120,4368
121,1648
122,1481
123,2248
124,692
125,2781
126,162
127,2691
128,1108
129,841
130,3644
131,2411
132,2390
133,2442
134,4285
135,3582
136,2954
137,2226
138,3018
139,3001
140,4938
141,4044
142,1013
143,1496
144,3306
145,4167
146,3601
147,2960
148,4535
149,2332
150,2888
151,1445
152,2159
153,3120
154,2370
155,2013
156,1158
157,3976
158,2197
159,2592
160,200
161,2152
162,2615
163,4244
164,3436
165,2957
166,4993
167,2514
168,3056
169,2657
170,1208
171,3719
172,2049
173,2007
174,4137
175,1650
176,2580
177,4733
178,3519
179,2623
180,2137
181,792
182,2976
183,1709
184,1222
185,3266
186,1827
187,4338
188,2958
189,3962
190,3665
191,1262
192,1951
193,2316
194,2775
195,1150
196,536
197,4134
198,4880
199,3839
200,2213
201,1943
202,1331
203,2936
204,4763
205,3899
206,3501
207,3885
208,265
209,3270
210,3441
211,3392
212,1923
213,4959
214,4598
215,1303
216,2574
217,2627
218,812
219,4693
220,1812
221,4294
222,855
223,1769
224,4024
225,3401
226,1458
227,1812
228,1900
229,2426
230,3294
231,2906
232,986
233,2094
234,973
235,1575
236,3654
237,2049
238,4529
239,440
240,354
241,4640
242,4877
243,640
244,3284
245,3469
246,972
247,3615
248,896
249,4948
250,3663
251,4249
252,2117
253,898
254,486
255,1020
256,4954
257,2795
258,4855
259,3980
260,1325
261,2796
262,4872
263,2579
264,3741
265,766
266,2925
267,3363
268,4550
269,573
270,3327
271,972
272,4220
273,4749
274,2516
275,1849
276,3213
277,3278
278,3289
279,2527
280,3319
281,3106
282,892
283,2960
284,4133
285,3867
286,272
287,2249
288,3669
289,1129
290,2643
291,2758
292,4757
293,2966
294,1569
295,4318
296,2026
297,1548
298,3460
299,3034
300,1734
301,2603
302,3259
303,4078
304,2680
305,4683
306,4687
307,4244
308,1733
309,2162
310,4664
311,328
312,4227
313,3956
314,386
315,2586
316,4091
317,2332
318,2211
319,1384
320,4302
321,162
322,3822
323,1016
324,3757
325,4336
326,3354
327,1331
328,2623
329,1262
330,239
331,2314
332,3409
333,2097
334,896
335,1118
336,2530
337,553
338,1292
339,1412
340,957
341,211
342,3121
343,3701
344,3091
345,2295
346,2386
347,4726
348,304
349,2653
350,3826
351,4363
352,3020
353,3407
354,4199
355,1296
356,3883
357,1356
358,1400
359,2767
360,3840
361,400
362,1115
363,2956
364,4312
365,3565
366,3449
367,4580
368,4648
369,4695
370,2995
371,2343
372,3931
373,2948
374,4642
375,1215
376,1142
377,4103
378,2528
379,3837
380,250
381,1192
382,1305
383,3473
384,1005
385,4168
386,504
387,2348
388,916
389,3249
390,1789
391,4375
392,3444
393,2550
394,1083
395,4543
396,1603
397,4987
398,825
399,2322
400,3572
401,529
402,3216
403,158
404,2515
405,4396
406,4869
407,1093
408,4393
409,1736
410,1749
411,3935
412,3472
413,2126
414,3191
415,3771
416,3933
417,4441
418,2528
419,1492
420,3838
421,865
422,1024
423,1485
424,813
425,3571
426,2318
427,1828
428,152
429,3795
430,1678
431,3969
432,695
433,2287
434,3371
435,3695
436,4164
437,2799
438,4110
439,3698
440,4701
441,3481
442,2579
443,2996
444,2877
445,220
446,4943
447,1056
448,4168
449,2582
450,3589
451,1302
452,2522
453,264
454,3888
455,2747
456,2828
457,1943
458,303
459,2170
460,1139
461,4104
462,2053
463,3141
464,2367
465,4378
466,2337
467,4192
468,1553
469,2459
470,1287
471,2185
472,4270
473,4696
474,4323
475,2722
476,2151
477,4357
478,3216
479,412
480,4429
481,3979
482,2497
483,4808
484,2160
485,1621
486,651
487,3037
488,1777
489,1875
490,4464
491,4287
492,4092
493,1989
494,2668
495,2052
496,1964
497,781
498,4009
499,1168
500,1069
501,2024
502,2298
503,2370
504,3666
505,2045
506,1588
507,778
508,3627
509,4223
510,4673
511,642
512,3208
513,1574
514,1072
515,922
516,3865
517,4018
518,4169
519,3051
520,3815
521,3939
522,2394
523,2959
524,566
525,2555
526,734
527,154
528,3327
529,3290
530,3226
531,710
532,4357
533,687
534,4740
535,4785
536,3516
537,2273
538,2709
539,4461
540,4370
541,1519
542,3358
543,2667
544,1207
545,839
546,4920
547,2973
548,1106
549,2660
550,2529
551,1382
552,1862
553,1501
554,4243
555,4135
556,3389
557,2605
558,1724
559,4580
560,3683
561,4600
562,2095
563,2893
564,618
565,2292
566,2501
567,729
568,597
569,4454
570,2335
571,2334
572,4982
573,4205
574,4155
575,2773
576,2445
577,2924
578,3382
579,4327
580,4513
581,4132
582,1301
583,4904
584,4527
585,1432
586,4012
587,4488
588,3219
589,432
590,708
591,3075
592,4324
593,1942
594,2809
595,4245
596,4075
597,4361
598,1020
599,1373
600,2696
601,921
602,4855
603,4048
604,1016
605,4024
606,3559
607,4047
608,4831
609,189
610,1148
611,2396
612,3786
613,2076
614,2155
615,1654
616,3680
617,978
618,2428
619,439
620,4590
621,176
622,1601
623,4616
624,3695
625,4155
626,2067
627,1663
628,4359
629,374
630,4597
631,4925
632,3181
633,3725
634,4172
635,3819
636,603
637,753
638,3071
639,4231
640,3309
641,369
642,3698
643,4256
644,177
645,1315
646,2381
647,1132
648,2995
649,1283
650,4844
651,360
652,842
653,2250
654,1258
655,904
656,2150
657,4651
658,3540
659,682
660,1338
661,2832
662,4060
663,2988
664,1879
665,4431
666,800
667,3669
668,2313
669,959
670,1608
671,2211
672,1180
673,2971
674,1490
675,4160
676,4596
677,4407
678,1171
679,385
680,1794
681,3267
682,1449
683,3929
684,959
685,1472
686,3396
687,2280
688,4817
689,2721
690,1139
691,3957
692,4598
693,4650
694,1321
695,2470
696,1629
697,382
698,1721
699,2680
700,4782
701,1681
702,4775
703,3719
704,4807
705,4563
706,4772
707,2885
708,2523
709,1422
710,2923
711,3061
712,2454
713,3572
714,2424
715,3305
716,1711
717,1382
718,1592
719,2592
720,1117
721,960
722,747
723,774
724,1297
725,3564
726,2879
727,3830
728,4761
729,995
730,2037
731,2768
732,2256
733,3668
734,966
735,4220
736,200
737,763
738,3012
739,4125
740,1555
741,1730
742,2785
743,984
744,3135
745,3547
746,3424
747,3657
748,1006
749,1990
750,4220
751,2011
752,2114
753,1828
754,1315
755,366
756,3484
757,3714
758,2043
759,1403
760,4280
761,809
762,1241
763,4481
764,2933
765,3627
766,1784
767,4498
768,3634
769,1456
770,532
771,3403
772,4111
773,4081
774,429
775,4236
776,2408
777,200
778,3242
779,2909
780,2067
781,3161
782,3980
783,540
784,4296
785,244
786,4508
787,3176
788,297
789,3714
790,2929
791,2134
792,3422
793,1901
794,611
795,2630
796,1346
797,2393
798,3844
799,4507
800,3543
801,3437
802,2640
803,4163
804,318
805,679
806,3416
807,1259
808,224
809,1612
810,3569
811,666
812,3414
813,4799
814,1300
815,1403
816,231
817,3037
818,2611
819,4889
820,4245
821,1294
822,4381
823,3608
824,1644
825,3937
826,566
827,3289
828,4407
829,4647
830,644
831,2077
832,2999
833,768
834,3608
835,4042
836,2083
837,734
838,4548
839,3795
840,1663
841,2711
842,522
843,1319
844,3353
845,1645
846,3450
847,504
848,3071
849,4001
850,3373
851,4909
852,3425
853,3333
854,2210
855,2228
856,2094
857,4104
858,4456
859,4167
860,300
861,3295
862,1158
863,2169
864,404
865,975
866,2184
867,4640
868,4329
869,1234
870,3956
871,4476
872,1070
873,1736
874,3881
875,2284
876,2999
877,474
878,2547
879,4763
880,3305
881,4340
882,2079
883,227
884,2146
885,3871
886,1416
887,4461
888,219
889,4847
890,3340
891,1904
892,3929
893,878
894,2497
895,4423
896,2541
897,3864
898,437
899,2318
900,2571
901,543
902,4917
903,3729
904,2043
905,2121
906,750
907,1203
908,1840
909,4942
910,4874
911,158
912,2392
913,1788
914,2215
915,582
916,281
917,4978
918,4095
919,4220
920,1636
921,1910
922,904
923,4965
924,1466
925,2073
926,2916
927,806
928,2107
929,3374
930,2767
931,2940
932,328
933,3078
934,347
935,4998
936,767
937,4569
938,3020
939,4854
940,3710
941,502
942,4458
943,3923
944,406
945,3606
946,3422
947,1132
948,3955
949,3335
950,1882
951,1858
952,1641
953,3236
954,4765
955,3313
956,1354
957,4988
958,1886
959,4165
960,2997
961,4520
962,543
963,3453
964,732
965,195
966,2814
967,590
968,1002
969,3540
970,944
971,3222
972,2596
973,3801
974,986
975,3473
976,4912
977,3244
978,4906
979,675
980,3486
981,4269
982,785
983,4559
984,1251
985,4960
986,1369
987,209
988,4024
989,2915
990,1080
991,1030
992,301
993,3620
994,4177
995,3003
996,3965
997,827
998,174
999,2230
1000,2473
1001,4292
1002,3304
1003,1690
1004,4142
1005,2801
1006,3830
1007,801
1008,4392
1009,500
1010,1818
1011,2419
1012,4018
1013,600
1014,2635
1015,2190
1016,3990
1017,4900
1018,1168
1019,2840
1020,3136
1021,2969
1022,3657
1023,967
1024,1504
1025,4943
1026,2242
1027,2716
1028,2432
1029,3401
1030,4836
1031,3253
1032,3232
1033,638
1034,3061
1035,3721
1036,1025
1037,2184
1038,1374
1039,2571
1040,2161
1041,2711
1042,4448
1043,3612
1044,4662
1045,1630
1046,1064
1047,3477
1048,969
1049,2891
1050,2356
1051,3398
1052,4758
1053,3393
1054,1041
1055,3737
1056,721
1057,4687
1058,617
1059,3529
1060,4963
1061,281
1062,3691
1063,288
1064,558
1065,2814
1066,4237
1067,4585
1068,1943
1069,4774
1070,1812
1071,3850
1072,2627
1073,3535
1074,2903
1075,3693
1076,2326
1077,725
1078,4146
1079,2511
1080,3944
1081,2501
1082,2397
1083,2397
1084,2151
1085,3869
1086,1066
1087,2240
1088,4527
1089,975
1090,572
1091,1091
1092,2788
1093,2774
1094,4340
1095,4644
1096,2923
1097,4871
1098,2511
1099,4334
1100,3521
1101,3172
1102,2328
1103,4234
1104,3587
1105,2733
1106,2710
1107,2615
1108,4980
1109,654
1110,1021
1111,2127
1112,1208
1113,2171
1114,3083
1115,3301
1116,898
1117,1818
1118,1474
1119,3016
1120,2350
1121,2387
1122,854
1123,610
1124,3715
1125,1349
1126,1202
1127,2846
1128,4391
1129,3482
1130,380
1131,2172
1132,2501
1133,2790
1134,2544
1135,4192
1136,3761
1137,1954
1138,299
1139,2165
1140,2607
1141,2532
1142,385
1143,1667
1144,3527
1145,4779
1146,2141
1147,2860
1148,981
1149,2846
1150,1808
1151,455
1152,2654
1153,2049
1154,1268
1155,2942
1156,4370
1157,1912
1158,1152
1159,2103
1160,4453
1161,3038
1162,2015
1163,827
1164,4198
1165,3454
1166,2165
1167,2322
1168,1618
1169,3359
1170,1178
1171,2294
1172,2309
1173,3533
1174,1223
1175,2876
1176,1699
1177,518
1178,2655
1179,615
1180,2677
1181,4174
1182,4345
1183,4760
1184,3411
1185,4155
1186,4935
1187,4158
1188,3448
1189,294
1190,1086
1191,3119
1192,3025
1193,1052
1194,543
1195,258
1196,1690
1197,3496
1198,4708
1199,3216
1200,1592
1201,166
1202,4789
1203,2719
1204,2511
1205,776
1206,3309
1207,1219
1208,522
1209,453
1210,766
1211,2300
1212,2117
1213,2764
1214,455
1215,3894
1216,2924
1217,4809
1218,3085
1219,1920
1220,2664
1221,1952
1222,231
1223,1423
1224,1614
1225,4007
1226,1252
1227,3281
1228,4310
1229,4901
1230,3369
1231,634
1232,1896
1233,194
1234,2560
1235,290
1236,254
1237,3751
1238,4833
1239,2735
1240,1519
1241,1910
1242,3954
1243,4790
1244,3538
1245,929
1246,2164
1247,1326
1248,4868
1249,1255
1250,3031
1251,1865
1252,612
1253,3592
1254,4752
1255,4029
1256,883
1257,4465
1258,409
1259,438
1260,4134
1261,2853
1262,1732
1263,1922
1264,376
1265,432
1266,293
1267,1496
1268,3331
1269,1138
1270,1263
1271,4855
1272,3595
1273,4479
1274,3025
1275,4558
1276,3675
1277,4168
1278,4972
1279,888
1280,2574
1281,960
1282,2280
1283,2259
1284,3913
1285,1324
1286,4773
1287,213
1288,2396
1289,444
1290,2863
1291,3172
1292,3335
1293,562
1294,3450
1295,2168
1296,3112
1297,2348
1298,1202
1299,1712
1300,2333
1301,4691
1302,2709
1303,4227
1304,2606
1305,2487
1306,2913
1307,4806
1308,4423
1309,2978
1310,1104
1311,2794
1312,2059
1313,3504
1314,977
1315,4209
1316,3823
1317,1130
1318,4841
1319,2979
1320,4329
1321,3138
1322,768
1323,4379
1324,3927
1325,3308
1326,4057
1327,325
1328,3501
1329,1413
1330,2631
1331,2624
1332,4813
1333,492
1334,2416
1335,4181
1336,3585
1337,4190
1338,3426
1339,4958
1340,2922
1341,973
1342,3919
1343,1010
1344,2177
1345,2574
1346,4967
1347,1447
1348,1529
1349,1545
1350,270
1351,603
1352,2761
1353,3405
1354,4533
1355,1783
1356,1787
1357,2274
1358,2704
1359,2487
1360,1357
1361,2251
1362,4445
1363,4058
1364,1137
1365,1747
1366,1432
1367,2920
1368,2005
1369,3752
1370,4111
1371,1506
1372,1224
1373,733
1374,4813
1375,3976
1376,2386
1377,4566
1378,3284
1379,3546
1380,1144
1381,2953
1382,4815
1383,770
1384,1364
1385,4044
1386,4071
1387,1351
1388,2602
1389,2917
1390,580
1391,396
1392,600
1393,4011
1394,1252
1395,453
1396,2395
1397,2951
1398,4368
1399,692
1400,1196
1401,845
1402,578
1403,2903
1404,4300
1405,1540
1406,1109
1407,2006
1408,2195
1409,1995
1410,3456
1411,733
1412,963
1413,1831
1414,916
1415,4049
1416,1634
1417,2969
1418,168
1419,3957
1420,4680
1421,1360
1422,890
1423,1501
1424,3018
1425,3443
1426,2499
1427,756
1428,935
1429,4242
1430,577
1431,719
1432,4097
1433,2648
1434,2281
1435,2784
1436,766
1437,2040
1438,2758
1439,3268
1440,3467
1441,620
1442,2928
1443,1312
1444,3236
1445,4505
1446,845
1447,4397
1448,2112
1449,3866
1450,825
1451,772
1452,1535
1453,4765
1454,1100
1455,734
1456,1945
1457,761
1458,2823
1459,4115
1460,4751
1461,3195
1462,3253
1463,605
1464,2905
1465,555
1466,3725
1467,3310
1468,4548
1469,2685
1470,2659
1471,763
1472,3880
1473,3354
1474,539
1475,3594
1476,3851
1477,3283
1478,2342
1479,2712
1480,536
1481,4714
1482,945
1483,1362
1484,1778
1485,1790
1486,932
1487,4686
1488,1472
1489,1474
1490,4630
1491,4595
1492,1840
1493,2590
1494,3756
1495,4485
1496,3988
1497,3478
1498,3776
1499,2017
1500,2555
1501,2865
1502,4139
1503,3718
1504,929
1505,2054
1506,210
1507,2418
1508,3646
1509,468
1510,1258
1511,4014
1512,3682
1513,2275
1514,3858
1515,2760
1516,4720
1517,1410
1518,4299
1519,2265
1520,4506
1521,1019
1522,3924
1523,4763
1524,3768
1525,685
1526,1173
1527,3301
1528,2608
1529,1621
1530,901
1531,3010
1532,4564
1533,2386
1534,4882
1535,4742
1536,3442
1537,1694
1538,1931
1539,1080
1540,4805
1541,1309
1542,2126
1543,3181
1544,4893
1545,4711
1546,530
1547,1869
1548,4807
1549,4838
1550,1715
1551,1452
1552,231
1553,1491
1554,4584
1555,2778
1556,2958
1557,1577
1558,596
1559,4899
1560,4738
1561,2120
1562,3103
1563,4862
1564,4165
1565,4389
1566,2065
1567,872
1568,1689
1569,3602
1570,3032
1571,3155
1572,1655
1573,725
1574,655
1575,721
1576,4321
1577,414
1578,4286
1579,335
1580,3448
1581,2268
1582,1912
1583,1340
1584,3186
1585,3295
1586,3162
1587,3808
1588,873
1589,534
1590,1332
1591,4158
1592,4234
1593,3442
1594,4276
1595,3050
1596,1803
1597,1552
1598,3706
1599,3102
1600,750
1601,3748
1602,2490
1603,4994
1604,4761
1605,3555
1606,3579
1607,529
1608,4790
1609,2985
1610,4200
1611,1189
1612,1592
1613,268
1614,4383
1615,4793
1616,499
1617,426
1618,660
1619,3883
1620,2649
1621,3996
1622,1206
1623,3106
1624,4801
1625,349
1626,604
1627,1286
1628,992
1629,417
1630,2427
1631,1930
1632,1081
1633,550
1634,4237
1635,747
1636,673
1637,1270
1638,4363
1639,4593
1640,4550
1641,1863
1642,2200
1643,4820
1644,2569
1645,3334
1646,769
1647,4791
1648,4867
1649,3843
1650,818
1651,537
1652,2401
1653,1003
1654,2050
1655,4863
1656,3620
1657,2843
1658,1162
1659,4126
1660,1518
1661,2404
1662,4986
1663,3911
1664,875
1665,3079
1666,229
1667,1469
1668,4595
1669,1624
1670,4052
1671,1171
1672,1250
1673,2110
1674,4674
1675,254
1676,2236
1677,2649
1678,2448
1679,863
1680,4927
1681,1380
1682,2524
1683,4721
1684,3559
1685,3702
1686,822
1687,1830
1688,874
1689,1740
1690,4599
1691,3843
1692,4434
1693,4668
1694,4992
1695,1855
1696,3683
1697,676
1698,1693
1699,2178
1700,1281
1701,2111
1702,1183
1703,2826
1704,550
1705,4826
1706,1255
1707,1716
1708,2921
1709,3348
1710,3840
1711,3443
1712,2533
1713,374
1714,4976
1715,2111
1716,2614
1717,385
1718,2684
1719,4178
1720,1867
1721,3257
1722,2280
1723,4138
1724,4580
1725,1132
1726,2334
1727,1355
1728,671
1729,1129
1730,1403
1731,1959
1732,1774
1733,210
1734,4503
1735,2365
1736,3854
1737,883
1738,4421
1739,2984
1740,3916
1741,2373
1742,2309
1743,3061
1744,154
1745,3615
1746,2648
1747,2531
1748,2789
1749,1460
1750,1812
1751,3489
1752,2893
1753,435
1754,3222
1755,2501
1756,2393
1757,862
1758,4062
1759,2839
1760,480
1761,1446
1762,1669
1763,788
1764,4061
1765,1432
1766,766
1767,3868
1768,2112
1769,749
1770,3421
1771,488
1772,4529
1773,523
1774,2471
1775,1280
1776,4442
1777,1644
1778,262
1779,1966
1780,907
1781,4253
1782,2175
1783,1528
1784,669
1785,2719
1786,1134
1787,4614
1788,2603
1789,567
1790,1089
1791,312
1792,3486
1793,2309
1794,780
1795,3354
1796,1036
1797,3665
1798,487
1799,1445
1800,550
1801,787
1802,417
1803,2462
1804,684
1805,2588
1806,4895
1807,4111
1808,4035
1809,3594
1810,3256
1811,254
1812,3649
1813,4250
1814,4104
1815,2980
1816,4923
1817,2259
1818,1993
1819,2369
1820,2011
1821,3451
1822,4217
1823,4596
1824,3203
1825,3360
1826,1337
1827,500
1828,2026
1829,1185
1830,4595
1831,4688
1832,4970
1833,920
1834,3923
1835,4057
1836,653
1837,2861
1838,2896
1839,3924
1840,3360
1841,641
1842,1169
1843,4465
1844,3119
1845,2834
1846,1650
1847,3676
1848,3074
1849,2555
1850,256
1851,2963
1852,2979
1853,2212
1854,2580
1855,3559
1856,1843
1857,1718
1858,387
1859,1814
1860,860
1861,4022
1862,3154
1863,1943
1864,1426
1865,4500
1866,996
1867,2956
1868,1594
1869,4948
1870,1805
1871,2054
1872,4782
1873,826
1874,3911
1875,3144
1876,1948
1877,3780
1878,1109
1879,1219
1880,2964
1881,2571
1882,172
1883,1815
1884,2597
1885,1512
1886,3905
1887,2620
1888,4200
1889,3436
1890,2919
1891,4922
1892,2032
1893,2500
1894,2049
1895,3545
1896,3318
1897,289
1898,4437
1899,2335
1900,3932
1901,2074
1902,3874
1903,4558
1904,4425
1905,2312
1906,178
1907,2059
1908,2104
1909,3518
1910,421
1911,707
1912,2376
1913,2984
1914,2035
1915,4334
1916,4198
1917,1270
1918,1976
1919,3215
1920,4012
1921,244
1922,1719
1923,2855
1924,4144
1925,1268
1926,3390
1927,3431
1928,1846
1929,550
1930,4164
1931,4333
1932,3962
1933,2323
1934,1276
1935,3528
1936,4164
1937,4929
1938,247
1939,2348
1940,2098
1941,3154
1942,4265
1943,846
1944,2948
1945,848
1946,1415
1947,2336
1948,1613
1949,3593
1950,4398
1951,3699
1952,3862
1953,2080
1954,1340
1955,734
1956,4708
1957,577
1958,3987
1959,4564
1960,2206
1961,3178
1962,859
1963,2369
1964,1125
1965,3170
1966,3448
1967,1857
1968,1255
1969,3841
1970,4652
1971,3771
1972,4125
1973,1284
1974,4748
1975,1057
1976,1436
1977,1615
1978,4948
1979,653
1980,729
1981,1784
1982,4242
1983,3668
1984,1748
1985,214
1986,2388
1987,2404
1988,2267
1989,3363
1990,1613
1991,2860
1992,1240
1993,245
1994,4492
1995,4411
1996,1539
1997,4109
1998,2231
1999,549
2000,1617
2001,3308
2002,329
2003,4960
2004,1620
2005,1538
2006,1507
2007,1717
2008,3529
2009,2447
2010,1267
2011,350
2012,4485
2013,3104
2014,2451
2015,2911
2016,613
2017,2510
2018,222
2019,1839
2020,2681
2021,280
2022,391
2023,1395
2024,1626
2025,4139
2026,3816
2027,3484
2028,2764
2029,3157
2030,3937
2031,4011
2032,436
2033,3269
2034,2302
2035,3278
2036,2537
2037,1285
2038,2377
2039,4140
2040,2247
2041,1520
2042,3665
2043,3917
2044,4751
2045,4344
2046,505
2047,2766
2048,3380
2049,1961
2050,2505
2051,1490
2052,3082
2053,3628
2054,3866
2055,360
2056,2098
2057,3724
2058,2429
2059,4133
2060,1704
2061,1281
2062,3111
2063,298
2064,2876
2065,274
2066,2669
2067,4690
2068,4438
2069,2702
2070,4061
2071,4139
2072,206
2073,388
2074,1653
2075,4074
2076,3196
2077,391
2078,1729
2079,2388
2080,972
2081,2838
2082,1440
2083,1223
2084,612
2085,3240
2086,3798
2087,638
2088,4087
2089,4772
2090,2140
2091,4947
2092,1012
2093,1819
2094,4772
2095,312
2096,4256
2097,3471
2098,1800
2099,3659
2100,2344
2101,2967
2102,490
2103,3542
2104,503
2105,4124
2106,2179
2107,1317
2108,4369
2109,4158
2110,4193
2111,1318
2112,3146
2113,2584
2114,4874
2115,1410
2116,3296
2117,4520
2118,3786
2119,4048
2120,3844
2121,901
2122,1831
2123,4134
2124,703
2125,189
2126,3764
2127,1636
2128,3987
2129,1146
2130,953
2131,2359
2132,4940
2133,3589
2134,1936
2135,2312
2136,1831
2137,176
2138,1308
2139,3009
2140,2664
2141,2404
2142,4762
2143,3650
2144,2423
2145,3255
2146,790
2147,4331
2148,469
2149,1190
2150,863
2151,2457
2152,3085
2153,1091
2154,1283
2155,2854
2156,3535
2157,4183
2158,1447
2159,4127
2160,2539
2161,2542
2162,3316
2163,1699
2164,1498
2165,2574
2166,1841
2167,1344
2168,3878
2169,2273
2170,3477
2171,4036
2172,4861
2173,2948
2174,4369
2175,2945
2176,923
2177,1721
2178,967
2179,4638
2180,4361
2181,4991
2182,1194
2183,1947
2184,2037
2185,714
2186,4573
2187,4037
2188,1786
2189,877
2190,1505
2191,3940
2192,2879
2193,1085
2194,3562
2195,335
2196,3290
2197,4716
2198,4050
2199,583
2200,3957
2201,4723
2202,4235
2203,3944
2204,1025
2205,4930
2206,3580
2207,3100
2208,827
2209,4903
2210,703
2211,1652
2212,1164
2213,689
2214,4562
2215,2027
2216,1410
2217,305
2218,3315
2219,3418
2220,1065
2221,1364
2222,4662
2223,3550
2224,1286
2225,3748
2226,489
2227,1166
2228,1471
2229,4808
2230,2791
2231,2401
2232,2438
2233,2781
2234,2718
2235,761
2236,2505
2237,4749
2238,1329
2239,3157
2240,253
2241,4204
2242,600
2243,3683
2244,370
2245,2638
2246,4633
2247,3134
2248,1995
2249,486
2250,3158
2251,2823
2252,3324
2253,1343
2254,1289
2255,2866
2256,540
2257,4427
2258,1092
2259,1765
2260,1367
2261,3990
2262,1504
2263,1511
2264,1339
2265,2193
2266,2164
2267,4756
2268,3591
2269,1295
2270,4192
2271,4286
2272,4686
2273,439
2274,1508
2275,3320
2276,3219
2277,580
2278,3025
2279,2677
2280,1507
2281,3549
2282,3746
2283,4362
2284,4897
2285,202
2286,4939
2287,2276
2288,3622
2289,1678
2290,3689
2291,4508
2292,2552
2293,3759
2294,3752
2295,3665
2296,3249
2297,1875
2298,2535
2299,3592
2300,956
2301,1101
2302,3604
2303,501
2304,3933
2305,542
2306,4675
2307,3021
2308,2595
2309,1944
2310,918
2311,1173
2312,2785
2313,1248
2314,2440
2315,2644
2316,290
2317,2688
2318,4222
2319,4055
2320,1474
2321,1530
2322,4920
2323,3725
2324,3019
2325,3891
2326,1784
2327,518
2328,1289
2329,1518
2330,2279
2331,3377
2332,1580
2333,637
2334,279
2335,776
2336,1623
2337,266
2338,513
2339,4397
2340,3350
2341,4687
2342,632
2343,4292
2344,2510
2345,4885
2346,301
2347,3026
2348,3560
2349,4443
2350,387
2351,2660
2352,1993
2353,1519
2354,3110
2355,3747
2356,4728
2357,2395
2358,4442
2359,2462
2360,392
2361,1082
2362,2445
2363,3543
2364,4695
2365,4305
2366,3053
2367,3050
2368,2767
2369,1266
2370,1064
2371,1452
2372,4113
2373,2812
2374,2388
2375,211
2376,2749
2377,2993
2378,1136
2379,3650
2380,990
2381,4205
2382,1890
2383,1709
2384,1356
2385,3119
2386,854
2387,360
2388,3249
2389,1799
2390,695
2391,1911
2392,1153
2393,4059
2394,4589
2395,1561
2396,1874
2397,1911
2398,3756
2399,2014
2400,3944
2401,3213
2402,2958
2403,4402
2404,2763
2405,176
2406,3444
2407,4819
2408,1285
2409,1888
2410,2785
2411,4112
2412,1982
2413,2976
2414,317
2415,3591
2416,744
2417,4126
2418,4347
2419,4092
2420,3520
2421,4942
2422,3040
2423,2597
2424,3029
2425,3365
2426,3145
2427,2270
2428,3566
2429,2114
2430,2242
2431,4727
2432,3208
2433,4991
2434,2282
2435,1943
2436,2322
2437,1386
2438,3967
2439,636
2440,2088
2441,4702
2442,3426
2443,3493
2444,876
2445,1686
2446,4749
2447,4167
2448,3347
2449,939
2450,578
2451,2010
2452,4336
2453,637
2454,884
2455,1731
2456,1059
2457,713
2458,1579
2459,2243
2460,1160
2461,3983
2462,1806
2463,1653
2464,4672
2465,4972
2466,3738
2467,4869
2468,3679
2469,1406
2470,3926
2471,4683
2472,4575
2473,1447
2474,1710
2475,3875
2476,1985
2477,3380
2478,2033
2479,3507
2480,3435
2481,4135
2482,4600
2483,3971
2484,964
2485,1047
2486,1207
2487,4352
2488,2604
2489,1924
2490,830
2491,3356
2492,2426
2493,4826
2494,2327
2495,1317
2496,1474
2497,3993
2498,2198
2499,4312
2500,3269
2501,2952
2502,3909
2503,2283
2504,2824
2505,3215
2506,3326
2507,568
2508,4042
2509,4583
2510,775
2511,1299
2512,244
2513,2676
2514,1687
2515,1364
2516,2461
2517,467
2518,4834
2519,4029
2520,1576
2521,2123
2522,545
2523,1957
2524,4799
2525,2330
2526,3540
2527,3078
2528,1119
2529,3127
2530,4244
2531,3520
2532,965
2533,3365
2534,4933
2535,4632
2536,2360
2537,1299
2538,4746
2539,2092
2540,2113
2541,536
2542,2768
2543,3104
2544,4759
2545,2564
2546,2913
2547,3127
2548,293
2549,1799
2550,4981
2551,1475
2552,4697
2553,1948
2554,2962
2555,4385
2556,1449
2557,3631
2558,3214
2559,965
2560,2217
2561,3700
2562,363
2563,3135
2564,4870
2565,3428
2566,255
2567,4837
2568,1696
2569,4166
2570,685
2571,2846
2572,1375
2573,4072
2574,220
2575,3869
2576,3405
2577,4549
2578,1298
2579,930
2580,4925
2581,3612
2582,3725
2583,1094
2584,1847
2585,1615
2586,4909
2587,4504
2588,4658
2589,337
2590,601
2591,3659
2592,1923
2593,519
2594,3890
2595,2922
2596,3912
2597,3321
2598,1088
2599,649
2600,1833
2601,3771
2602,960
2603,1085
2604,2561
2605,4018
2606,900
2607,3896
2608,4117
2609,1015
2610,4539
2611,261
2612,2122
2613,2643
2614,2695
2615,1989
2616,3724
2617,196
2618,1096
2619,3195
2620,2761
2621,970
2622,4255
2623,3144
2624,259
2625,1651
2626,1726
2627,2699
2628,611
2629,1551
2630,986
2631,3358
2632,1043
2633,3286
2634,177
2635,2868
2636,3669
2637,585
2638,2403
2639,4409
2640,558
2641,2911
2642,4782
2643,3320
2644,3746
2645,2152
2646,982
2647,3997
2648,513
2649,3737
2650,1780
2651,2620
2652,4587
2653,3056
2654,437
2655,2773
2656,1782
2657,736
2658,568
2659,746
2660,4723
2661,648
2662,4436
2663,3401
2664,1266
2665,1237
2666,3261
2667,1359
2668,3738
2669,1922
2670,3570
2671,4376
2672,4594
2673,1921
2674,4931
2675,3607
2676,1821
2677,3949
2678,1984
2679,3487
2680,2830
2681,288
2682,4958
2683,3681
2684,1298
2685,4676
2686,4909
2687,3820
2688,2621
2689,2240
2690,1395
2691,163
2692,2318
2693,1693
2694,1557
2695,1648
2696,4381
2697,4808
2698,3376
2699,4643
2700,4258
2701,2004
2702,4399
2703,3575
2704,1056
2705,896
2706,1425
2707,3864
2708,4352
2709,3416
2710,2512
2711,4397
2712,1874
2713,2714
2714,2075
2715,421
2716,3479
2717,3152
2718,1227
2719,1414
2720,4530
2721,2424
2722,406
2723,3183
2724,2836
2725,4606
2726,3131
2727,4072
2728,2887
2729,2624
2730,2343
2731,1369
2732,4177
2733,3846
2734,4714
2735,4004
2736,154
2737,2867
2738,1704
2739,153
2740,2527
2741,4013
2742,449
2743,2747
2744,3168
2745,3132
2746,4105
2747,3722
2748,1470
2749,4174
2750,330
2751,4242
2752,2784
2753,1982
2754,2575
2755,1001
2756,491
2757,3878
2758,4513
2759,2531
2760,2718
2761,3467
2762,4444
2763,3339
2764,3827
2765,901
2766,1355
2767,4325
2768,681
2769,2437
2770,4434
2771,1960
2772,1862
2773,4826
2774,3327
2775,4666
2776,4414
2777,3013
2778,1174
2779,239
2780,1765
2781,3364
2782,2660
2783,1905
2784,1895
2785,2409
2786,2300
2787,2652
2788,1572
2789,373
2790,4429
2791,1216
2792,3725
2793,1494
2794,2041
2795,4208
2796,2944
2797,1646
2798,1653
2799,4135
2800,2360
2801,975
2802,3552
2803,1654
2804,1058
2805,4213
2806,620
2807,3804
2808,4929
2809,1619
2810,2029
2811,4272
2812,3035
2813,2281
2814,3074
2815,1016
2816,449
2817,540
2818,1299
2819,2863
2820,4073
2821,2517
2822,4071
2823,3069
2824,407
2825,3867
2826,3492
2827,3163
2828,3156
2829,3636
2830,1340
2831,2261
2832,3560
2833,3572
2834,1050
2835,793
2836,4020
2837,2941
2838,2719
2839,590
2840,311
2841,3124
2842,1517
2843,1240
2844,1085
2845,3157
2846,4835
2847,1277
2848,1270
2849,688
2850,4029
2851,3192
2852,1928
2853,543
2854,2321
2855,2889
2856,3023
2857,1780
2858,3851
2859,4193
2860,3075
2861,1254
2862,3009
2863,2141
2864,3939
2865,325
2866,1899
2867,153
2868,4273
2869,2795
2870,2529
2871,3690
2872,3501
2873,2522
2874,2925
2875,725
2876,3562
2877,2347
2878,359
2879,4548
2880,3013
2881,4966
2882,224
2883,3951
2884,4297
2885,3398
2886,2131
2887,4189
2888,2694
2889,2914
2890,2037
2891,1162
2892,3438
2893,2297
2894,4162
2895,2069
2896,2684
2897,2841
2898,1742
2899,1268
2900,1099
2901,2499
2902,4942
2903,841
2904,2552
2905,2570
2906,3985
2907,3085
2908,3497
2909,3894
2910,4640
2911,2194
2912,4431
2913,1418
2914,2880
2915,4455
2916,4199
2917,4048
2918,255
2919,349
2920,2759
2921,3168
2922,2976
2923,1124
2924,3960
2925,971
2926,661
2927,4642
2928,4257
2929,4370
2930,4579
2931,886
2932,4623
2933,3871
2934,2624
2935,2615
2936,2744
2937,4394
2938,4464
2939,1626
2940,727
2941,175
2942,1644
2943,2610
2944,3532
2945,988
2946,1661
2947,1611
2948,3943
2949,3807
2950,1626
2951,3692
2952,4293
2953,243
2954,1088
2955,4872
2956,884
2957,2641
2958,670
2959,4610
2960,1242
2961,3612
2962,458
2963,2687
2964,1257
2965,2411
2966,2823
2967,1062
2968,225
2969,3350
2970,1523
2971,1187
2972,2258
2973,3118
2974,3573
2975,3653
2976,2581
2977,4712
2978,619
2979,3923
2980,794
2981,1712
2982,3147
2983,4479
2984,3959
2985,4356
2986,4663
2987,4994
2988,3814
2989,3196
2990,3331
2991,752
2992,4377
2993,4411
2994,422
2995,2345
2996,2922
2997,4360
2998,3358
2999,4827
3000,1659
3001,373
3002,1328
3003,746
3004,2982
3005,3690
3006,1321
3007,2127
3008,352
3009,1366
3010,1993
3011,4279
3012,2314
3013,3869
3014,811
3015,351
3016,152
3017,4932
3018,3775
3019,3458
3020,811
3021,1625
3022,1138
3023,3830
3024,4659
3025,2982
3026,2363
3027,2019
3028,3191
3029,1519
3030,227
3031,1530
3032,4066
3033,1503
3034,3035
3035,4991
3036,923
3037,1984
3038,2789
3039,4283
3040,2683
3041,1691
3042,2254
3043,4416
3044,1253
3045,2902
3046,3159
3047,3134
3048,2303
3049,1225
3050,3956
3051,4693
3052,2255
3053,4504
3054,3266
3055,4426
3056,3181
3057,4486
3058,962
3059,4828
3060,4804
3061,1732
3062,3448
3063,2418
3064,4454
3065,4152
3066,2653
3067,2958
3068,4436
3069,2038
3070,1429
3071,4359
3072,2086
3073,1550
3074,4178
3075,494
3076,2254
3077,2497
3078,1318
3079,3307
3080,3182
3081,733
3082,4989
3083,807
3084,2369
3085,4132
3086,4918
3087,1353
3088,476
3089,4663
3090,2556
3091,3416
3092,1486
3093,3015
3094,3971
3095,3694
3096,3885
3097,4470
3098,4970
3099,2414
3100,2980
3101,3460
3102,3169
3103,197
3104,3880
3105,4260
3106,3867
3107,428
3108,2644
3109,4341
3110,1332
3111,449
3112,326
3113,881
3114,4317
3115,1184
3116,1123
3117,4088
3118,2275
3119,916
3120,773
3121,1540
3122,1378
3123,2429
3124,827
3125,3508
3126,1242
3127,3602
3128,1184
3129,558
3130,740
3131,2188
3132,2812
3133,3220
3134,3737
3135,2651
3136,3151
3137,486
3138,3337
3139,2598
3140,1545
3141,4943
3142,2531
3143,2874
3144,4305
3145,4028
3146,1530
3147,173
3148,2397
3149,3053
3150,2058
3151,4586
3152,1219
3153,4945
3154,1671
3155,2909
3156,1137
3157,3295
3158,571
3159,2046
3160,1512
3161,867
3162,4717
3163,1076
3164,818
3165,2280
3166,1579
3167,3167
3168,379
3169,1823
3170,965
3171,1319
3172,1590
3173,1676
3174,920
3175,1508
3176,1630
3177,3118
3178,1123
3179,2294
3180,814
3181,3112
3182,3047
3183,3541
3184,4527
3185,3101
3186,4463
3187,2912
3188,2254
3189,4150
3190,1886
3191,2109
3192,1152
3193,997
3194,2256
3195,2179
3196,2477
3197,375
3198,3891
3199,2219
3200,3114
3201,4719
3202,1605
3203,2515
3204,2765
3205,2730
3206,4625
3207,1038
3208,1407
3209,1048
3210,4950
3211,2263
3212,2919
3213,1679
3214,422
3215,4376
3216,3764
3217,2972
3218,4929
3219,4909
3220,2934
3221,1801
3222,2369
3223,543
3224,304
3225,4291
3226,2889
3227,3689
3228,3693
3229,1026
3230,2598
3231,1155
3232,4343
3233,4368
3234,4052
3235,1142
3236,4962
3237,2701
3238,1623
3239,2365
3240,3762
3241,754
3242,2376
3243,438
3244,3347
3245,1975
3246,1302
3247,3410
3248,3942
3249,3632
3250,187
3251,761
3252,4609
3253,2896
3254,2842
3255,434
3256,4900
3257,3708
3258,2080
3259,2662
3260,3725
3261,2400
3262,4812
3263,3151
3264,4309
3265,1898
3266,664
3267,2013
3268,2151
3269,1780
3270,4842
3271,2325
3272,1755
3273,1502
3274,3856
3275,1047
3276,1465
3277,2804
3278,4142
3279,3299
3280,768
3281,284
3282,2956
3283,511
3284,1368
3285,2664
3286,1351
3287,965
3288,3730
3289,2334
3290,1699
3291,3554
3292,800
3293,1880
3294,1702
3295,4970
3296,1341
3297,2668
3298,1139
3299,670
3300,4178
3301,2746
3302,4356
3303,578
3304,1589
3305,994
3306,1301
3307,3048
3308,4974
3309,2265
3310,315
3311,1625
3312,3692
3313,2540
3314,3164
3315,2892
3316,181
3317,3014
3318,2511
3319,4996
3320,829
3321,2869
3322,1186
3323,3946
3324,1463
3325,3078
3326,3999
3327,4823
3328,2579
3329,3630
3330,1115
3331,178
3332,816
3333,3145
3334,815
3335,2726
3336,398
3337,2439
3338,4833
3339,381
3340,2553
3341,615
3342,1606
3343,4052
3344,2861
3345,2648
3346,1835
3347,4958
3348,3193
3349,4748
3350,1271
3351,2868
3352,458
3353,3957
3354,2394
3355,3475
3356,1256
3357,4989
3358,4587
3359,3215
3360,1614
3361,809
3362,2625
3363,285
3364,2234
3365,3218
3366,2327
3367,2275
3368,2706
3369,3330
3370,3121
3371,4044
3372,4236
3373,2737
3374,1663
3375,4116
3376,3937
3377,3102
3378,4097
3379,673
3380,2386
3381,1742
3382,3916
3383,2253
3384,2715
3385,4207
3386,3997
3387,2797
3388,2645
3389,4435
3390,3648
3391,2782
3392,2743
3393,2148
3394,3410
3395,1600
3396,2344
3397,1528
3398,1305
3399,1658
3400,855
3401,2670
3402,195
3403,2880
3404,1559
3405,1812
3406,3945
3407,1003
3408,4071
3409,3443
3410,2899
3411,2845
3412,1414
3413,1171
3414,4890
3415,1322
3416,4976
3417,1906
3418,4734
3419,763
3420,2171
3421,3441
3422,2434
3423,3212
3424,493
3425,4839
3426,3724
3427,1377
3428,841
3429,4989
3430,4548
3431,3781
3432,3327
3433,3688
3434,2711
3435,2601
3436,2959
3437,438
3438,2056
3439,4258
3440,3592
3441,2411
3442,1006
3443,1936
3444,1453
3445,2952
3446,2162
3447,4569
3448,1083
3449,3333
3450,4495
3451,1556
3452,3041
3453,1663
3454,358
3455,4693
3456,2852
3457,3161
3458,1946
3459,1619
3460,708
3461,2683
3462,1741
3463,3679
3464,2239
3465,2584
3466,3386
3467,4610
3468,220
3469,601
3470,4803
3471,3801
3472,546
3473,2702
3474,912
3475,726
3476,2710
3477,3154
3478,3111
3479,4948
3480,4771
3481,2245
3482,4249
3483,4969
3484,1077
3485,2009
3486,2009
3487,2825
3488,2018
3489,1563
3490,461
3491,4693
3492,796
3493,3121
3494,1372
3495,1890
3496,2485
3497,4484
3498,1971
3499,557
3500,632
3501,4964
3502,1670
3503,632
3504,2901
3505,2266
3506,1978
3507,3603
3508,4353
3509,3780
3510,1751
3511,727
3512,3686
3513,3152
3514,3599
3515,496
3516,4581
3517,4976
3518,1565
3519,2330
3520,4716
3521,4995
3522,4519
3523,4840
3524,2707
3525,1141
3526,829
3527,3304
3528,302
3529,1985
3530,1928
3531,3924
3532,1510
3533,3643
3534,1673
3535,4816
3536,3188
3537,3641
3538,1786
3539,3505
3540,4134
3541,499
3542,4315
3543,1672
3544,2956
3545,4644
3546,2969
3547,2640
3548,2685
3549,259
3550,2461
3551,572
3552,2668
3553,496
3554,788
3555,1808
3556,1808
3557,1290
3558,965
3559,1460
3560,869
3561,3146
3562,2991
3563,265
3564,2645
3565,1027
3566,3447
3567,4827
3568,4607
3569,223
3570,4437
3571,4559
3572,4372
3573,3624
3574,1579
3575,1005
3576,3941
3577,3860
3578,3821
3579,1371
3580,273
3581,541
3582,3229
3583,4691
3584,4143
3585,1117
3586,3055
3587,2440
3588,2464
3589,2830
3590,1726
3591,1727
3592,3045
3593,3430
3594,4480
3595,3863
3596,604
3597,3936
3598,3777
3599,3105
3600,2272
3601,1301
3602,614
3603,483
3604,581
3605,2164
3606,2095
3607,506
3608,1015
3609,2069
3610,1777
3611,1346
3612,4600
3613,3136
3614,3950
3615,3675
3616,3640
3617,950
3618,364
3619,3735
3620,1594
3621,3341
3622,2955
3623,645
3624,3737
3625,1472
3626,2107
3627,4480
3628,4585
3629,3285
3630,657
3631,1031
3632,244
3633,151
3634,469
3635,3722
3636,1770
3637,3586
3638,566
3639,1592
3640,4341
3641,1134
3642,258
3643,451
3644,3010
3645,279
3646,2392
3647,4337
3648,3446
3649,1971
3650,1192
3651,3517
3652,1119
3653,3502
3654,1925
3655,2931
3656,3767
3657,3155
3658,3950
3659,3159
3660,1043
3661,4390
3662,355
3663,1842
3664,2061
3665,1552
3666,232
3667,634
3668,2011
3669,1289
3670,529
3671,370
3672,1617
3673,1548
3674,4183
3675,530
3676,2483
3677,3941
3678,3476
3679,2997
3680,2275
3681,2226
3682,635
3683,3269
3684,2654
3685,3330
3686,3650
3687,422
3688,715
3689,4918
3690,4162
3691,726
3692,4477
3693,3851
3694,3667
3695,376
3696,2253
3697,3750
3698,4866
3699,1223
3700,1756
3701,3910
3702,1936
3703,3867
3704,4292
3705,1212
3706,1267
3707,2761
3708,4416
3709,4350
3710,1706
3711,3317
3712,2714
3713,3502
3714,866
3715,3569
3716,3027
3717,4672
3718,3678
3719,4374
3720,1214
3721,3168
3722,2493
3723,2363
3724,4153
3725,3828
3726,2031
3727,2466
3728,1332
3729,3803
3730,513
3731,2352
3732,752
3733,951
3734,722
3735,3952
3736,2286
3737,3822
3738,1340
3739,1575
3740,595
3741,4522
3742,1979
3743,4165
3744,2321
3745,811
3746,847
3747,4003
3748,4750
3749,4322
3750,4792
3751,4470
3752,1499
3753,3827
3754,1743
3755,3567
3756,4393
3757,964
3758,1573
3759,4407
3760,4515
3761,4327
3762,4898
3763,2394
3764,2675
3765,2321
3766,3514
3767,4583
3768,4324
3769,2688
3770,1722
3771,2947
3772,1297
3773,3440
3774,2933
3775,4103
3776,3397
3777,1009
3778,4921
3779,4144
3780,4630
3781,4132
3782,2934
3783,1771
3784,4860
3785,4984
3786,2277
3787,3209
3788,3047
3789,1526
3790,2814
3791,2161
3792,4788
3793,3151
3794,2898
3795,1793
3796,1174
3797,3574
3798,3302
3799,4615
3800,1961
3801,1023
3802,886
3803,1388
3804,516
3805,4016
3806,2188
3807,4426
3808,4256
3809,633
3810,2112
3811,1651
3812,2516
3813,2685
3814,1375
3815,518
3816,4374
3817,3189
3818,3927
3819,435
3820,3341
3821,2305
3822,3300
3823,4645
3824,827
3825,2083
3826,2869
3827,494
3828,4190
3829,4097
3830,1923
3831,3861
3832,314
3833,1762
3834,1725
3835,3063
3836,4861
3837,2292
3838,2105
3839,3775
3840,3491
3841,2006
3842,3597
3843,3454
3844,773
3845,3372
3846,4722
3847,3737
3848,2423
3849,4505
3850,4312
3851,200
3852,4011
3853,3650
3854,3607
3855,3085
3856,1847
3857,4036
3858,789
3859,4084
3860,3956
3861,969
3862,2662
3863,4571
3864,3187
3865,376
3866,4098
3867,4588
3868,3495
3869,3968
3870,4660
3871,3048
3872,1638
3873,1663
3874,3029
3875,4854
3876,3961
3877,1204
3878,1894
3879,913
3880,1618
3881,4326
3882,2365
3883,3544
3884,4853
3885,758
3886,2938
3887,1450
3888,2945
3889,4895
3890,2209
3891,4514
3892,4049
3893,897
3894,421
3895,3662
3896,3812
3897,4505
3898,2205
3899,670
3900,4408
3901,688
3902,2555
3903,4778
3904,4055
3905,1282
3906,705
3907,2170
3908,2852
3909,4480
3910,4516
3911,2866
3912,468
3913,2723
3914,3979
3915,3084
3916,1196
3917,2915
3918,4315
3919,1944
3920,3636
3921,3859
3922,3999
3923,370
3924,4178
3925,4199
3926,1660
3927,3925
3928,4436
3929,4028
3930,1512
3931,3678
3932,1843
3933,1862
3934,4593
3935,955
3936,1914
3937,3389
3938,2876
3939,4153
3940,463
3941,1408
3942,3572
3943,3969
3944,2658
3945,3407
3946,4867
3947,4665
3948,361
3949,2759
3950,2533
3951,1751
3952,1946
3953,1493
3954,689
3955,1011
3956,2489
3957,3006
3958,1412
3959,796
3960,2881
3961,4266
3962,1687
3963,3052
3964,3242
3965,2132
3966,1375
3967,183
3968,3832
3969,2475
3970,3489
3971,2984
3972,3142
3973,2882
3974,4433
3975,4723
3976,2511
3977,2877
3978,1701
3979,2652
3980,3517
3981,4383
3982,3688
3983,4688
3984,4731
3985,690
3986,2612
3987,618
3988,4070
3989,4065
3990,3087
3991,2379
3992,3292
3993,273
3994,3530
3995,3282
3996,4957
3997,2356
3998,2159
3999,2217
4000,4962
4001,4660
4002,1707
4003,4393
4004,3213
4005,618
4006,1166
4007,1767
4008,3355
4009,2326
4010,2498
4011,2640
4012,1852
4013,4702
4014,3659
4015,1403
4016,2371
4017,2324
4018,2599
4019,3544
4020,4386
4021,2158
4022,1715
4023,3165
4024,3858
4025,3050
4026,733
4027,779
4028,4160
4029,1992
4030,3091
4031,633
4032,1620
4033,2978
4034,1410
4035,3257
4036,1793
4037,1575
4038,1510
4039,2135
4040,853
4041,290
4042,1807
4043,2710
4044,4817
4045,3706
4046,3400
4047,4574
4048,2542
4049,579
4050,4757
4051,2848
4052,931
4053,388
4054,2516
4055,3713
4056,1583
4057,2692
4058,304
4059,3080
4060,4499
4061,890
4062,676
4063,838
4064,3355
4065,2665
4066,4523
4067,3362
4068,3515
4069,3916
4070,3516
4071,1416
4072,1926
4073,687
4074,4464
4075,3925
4076,1207
4077,2591
4078,4627
4079,3248
4080,199
4081,1244
4082,1823
4083,2076
4084,2982
4085,2098
4086,1070
4087,2059
4088,4384
4089,4575
4090,3048
4091,2137
4092,3176
4093,2742
4094,3960
4095,1066
4096,4208
4097,564
4098,4550
4099,3754
4100,3750
4101,3961
4102,659
4103,2198
4104,1403
4105,1004
4106,567
4107,4711
4108,1843
4109,1811
4110,4684
4111,4372
4112,3700
4113,4176
4114,1214
4115,2157
4116,2020
4117,3894
4118,2187
4119,1628
4120,2417
4121,2459
4122,2134
4123,2460
4124,449
4125,3964
4126,897
4127,2053
4128,3467
4129,1147
4130,2891
4131,861
4132,3923
4133,2894
4134,4855
4135,3553
4136,1811
4137,1798
4138,1611
4139,984
4140,641
4141,2507
4142,3683
4143,3634
4144,1174
4145,3006
4146,3927
4147,2748
4148,3706
4149,3019
4150,1896
4151,2290
4152,500
4153,3715
4154,2657
4155,1886
4156,4150
4157,4788
4158,2529
4159,3334
4160,1185
4161,3482
4162,1680
4163,4037
4164,4964
4165,1625
4166,1404
4167,4134
4168,3687
4169,172
4170,4083
4171,3532
4172,2291
4173,2398
4174,4346
4175,3298
4176,4652
4177,3927
4178,590
4179,1941
4180,2904
4181,1024
4182,338
4183,2671
4184,2947
4185,2800
4186,1065
4187,672
4188,2466
4189,1549
4190,3192
4191,241
4192,4684
4193,1642
4194,3685
4195,3496
4196,614
4197,4277
4198,2837
4199,2372
4200,1587
4201,4977
4202,4177
4203,3963
4204,1265
4205,3065
4206,4232
4207,4895
4208,4337
4209,1267
4210,768
4211,3404
4212,3463
4213,4966
4214,2611
4215,1934
4216,2945
4217,863
4218,1011
4219,2403
4220,1644
4221,685
4222,1693
4223,1958
4224,4387
4225,3989
4226,4051
4227,3004
4228,4487
4229,3903
4230,1075
4231,4497
4232,2066
4233,1072
4234,702
4235,937
4236,4635
4237,1717
4238,3127
4239,743
4240,905
4241,4481
4242,3270
4243,4864
4244,3354
4245,543
4246,2000
4247,3339
4248,1470
4249,3404
4250,4792
4251,4364
4252,4678
4253,3509
4254,1048
4255,3229
4256,4737
4257,3981
4258,4559
4259,242
4260,4827
4261,4032
4262,712
4263,2220
4264,397
4265,1662
4266,1416
4267,2480
4268,2418
4269,2928
4270,3493
4271,1182
4272,187
4273,2284
4274,3539
4275,4346
4276,485
4277,3311
4278,4051
4279,1500
4280,1594
4281,3742
4282,3377
4283,3387
4284,3529
4285,3536
4286,3748
4287,2790
4288,411
4289,3089
4290,1337
4291,2486
4292,4009
4293,4686
4294,2557
4295,3193
4296,4484
4297,881
4298,1525
4299,2705
4300,2208
4301,3783
4302,1547
4303,1046
4304,2264
4305,233
4306,3424
4307,4478
4308,620
4309,3143
4310,4076
4311,828
4312,3321
4313,3786
4314,3835
4315,1687
4316,3002
4317,4297
4318,2034
4319,4973
4320,1430
4321,444
4322,1890
4323,2696
4324,3154
4325,3403
4326,2604
4327,567
4328,3953
4329,4998
4330,3054
4331,3306
4332,3944
4333,2905
4334,4193
4335,3560
4336,4776
4337,1264
4338,4596
4339,3558
4340,4069
4341,950
4342,1288
4343,3055
4344,4770
4345,3887
4346,1251
4347,2514
4348,2713
4349,3251
4350,2081
4351,1682
4352,3742
4353,1460
4354,1548
4355,2219
4356,304
4357,1797
4358,3440
4359,1153
4360,1828
4361,786
4362,3925
4363,1410
4364,712
4365,4629
4366,4418
4367,3492
4368,2953
4369,2126
4370,3999
4371,2920
4372,1284
4373,4832
4374,4929
4375,524
4376,3159
4377,2362
4378,1990
4379,2824
4380,4537
4381,1437
4382,1855
4383,3498
4384,792
4385,1692
4386,3715
4387,1347
4388,871
4389,436
4390,2551
4391,2759
4392,3847
4393,4561
4394,1224
4395,1986
4396,293
4397,536
4398,1294
4399,538
4400,2577
4401,1501
4402,2932
4403,4772
4404,2004
4405,926
4406,3944
4407,3778
4408,2852
4409,2212
4410,2174
4411,1547
4412,2626
4413,1398
4414,1194
4415,3011
4416,4896
4417,4363
4418,4390
4419,3764
4420,3694
4421,979
4422,2763
4423,1759
4424,3844
4425,2481
4426,190
4427,513
4428,2524
4429,3906
4430,4248
4431,2905
4432,4877
4433,1088
4434,1370
4435,1982
4436,3886
4437,3441
4438,2574
4439,2541
4440,1875
4441,1093
4442,3401
4443,1165
4444,1297
4445,1022
4446,3764
4447,4354
4448,3648
4449,1335
4450,3931
4451,2427
4452,575
4453,679
4454,1021
4455,310
4456,4217
4457,1610
4458,547
4459,2438
4460,4280
4461,465
4462,2933
4463,2541
4464,2722
4465,2304
4466,2681
4467,4875
4468,3666
4469,2699
4470,2726
4471,4248
4472,4950
4473,1698
4474,191
4475,4128
4476,415
4477,1838
4478,1881
4479,279
4480,1191
4481,689
4482,3035
4483,969
4484,4370
4485,687
4486,2239
4487,4013
4488,3073
4489,4741
4490,1322
4491,1872
4492,2219
4493,2346
4494,4828
4495,4443
4496,2974
4497,864
4498,3214
4499,3374
4500,4430
4501,3100
4502,2507
4503,4596
4504,2519
4505,854
4506,4815
4507,2622
4508,4354
4509,4950
4510,1281
4511,739
4512,2004
4513,3478
4514,421
4515,4870
4516,2560
4517,4087
4518,4876
4519,1188
4520,4917
4521,1871
4522,602
4523,776
4524,3499
4525,2713
4526,1269
4527,1893
4528,3969
4529,4287
4530,4694
4531,742
4532,2653
4533,1332
4534,3493
4535,4293
4536,3664
4537,1396
4538,606
4539,1898
4540,2791
4541,3038
4542,3946
4543,820
4544,2611
4545,4239
4546,2111
4547,1985
4548,2996
4549,3442
4550,4084
4551,3663
4552,3460
4553,3975
4554,506
4555,4506
4556,823
4557,479
4558,1716
4559,1526
4560,3964
4561,372
4562,2277
4563,3435
4564,713
4565,652
4566,1694
4567,1022
4568,1794
4569,305
4570,2075
4571,3641
4572,1660
4573,4478
4574,2441
4575,333
4576,4451
4577,1973
4578,180
4579,4295
4580,4317
4581,1517
4582,1780
4583,1112
4584,1826
4585,1916
4586,4531
4587,4225
4588,2560
4589,2797
4590,4621
4591,1482
4592,769
4593,2998
4594,4358
4595,2251
4596,492
4597,3934
4598,2909
4599,3549
4600,742
4601,4423
4602,1687
4603,230
4604,3715
4605,634
4606,2998
4607,1652
4608,1530
4609,2245
4610,411
4611,430
4612,4219
4613,685
4614,4982
4615,450
4616,223
4617,1455
4618,1043
4619,4018
4620,1877
4621,4208
4622,3326
4623,514
4624,2378
4625,4066
4626,4802
4627,2346
4628,4364
4629,3477
4630,4424
4631,483
4632,1629
4633,2597
4634,2245
4635,4825
4636,4707
4637,3934
4638,2470
4639,2088
4640,3307
4641,776
4642,3537
4643,1573
4644,202
4645,597
4646,3026
4647,592
4648,700
4649,1897
4650,2749
4651,3528
4652,3274
4653,3274
4654,1761
4655,547
4656,493
4657,2742
4658,2370
4659,3387
4660,179
4661,1700
4662,4908
4663,2707
4664,3100
4665,491
4666,2518
4667,2159
4668,3637
4669,1184
4670,1894
4671,1676
4672,558
4673,434
4674,3651
4675,529
4676,2551
4677,2031
4678,2735
4679,1605
4680,2255
4681,4140
4682,4249
4683,3428
4684,4132
4685,3128
4686,1122
4687,3104
4688,944
4689,546
4690,1433
4691,4392
4692,4067
4693,3678
4694,2022
4695,2026
4696,3423
4697,3899
4698,1645
4699,2171
4700,3010
4701,2864
4702,4991
4703,1488
4704,3386
4705,3309
4706,4719
4707,2931
4708,3993
4709,3320
4710,3333
4711,1066
4712,757
4713,849
4714,1132
4715,4065
4716,2385
4717,3618
4718,3703
4719,3592
4720,1401
4721,2521
4722,2733
4723,2995
4724,3743
4725,3218
4726,2663
4727,3547
4728,2773
4729,4110
4730,535
4731,2851
4732,635
4733,4939
4734,1314
4735,4673
4736,3805
4737,2142
4738,1823
4739,3100
4740,768
4741,4566
4742,3447
4743,3180
4744,630
4745,1986
4746,4719
4747,3920
4748,1930
4749,2825
4750,3856
4751,2164
4752,3347
4753,2969
4754,1749
4755,4001
4756,2533
4757,1858
4758,4399
4759,2252
4760,4440
4761,3543
4762,3800
4763,1594
4764,2070
4765,2415
4766,3115
4767,4735
4768,4289
4769,2029
4770,4901
4771,408
4772,1196
4773,4963
4774,2014
4775,236
4776,3079
4777,1819
4778,2416
4779,2772
4780,497
4781,661
4782,2453
4783,4579
4784,2908
4785,1489
4786,4718
4787,3054
4788,4235
4789,4883
4790,1068
4791,2334
4792,1511
4793,4252
4794,161
4795,4616
4796,2754
4797,4042
4798,1056
4799,2707
4800,1438
4801,1819
4802,4193
4803,3727
4804,3210
4805,2351
4806,4361
4807,4918
4808,2180
4809,2682
4810,3408
4811,976
4812,3741
4813,1576
4814,2523
4815,2513
4816,2742
4817,4838
4818,3573
4819,1430
4820,1631
4821,576
4822,731
4823,276
4824,2571
4825,3564
4826,4419
4827,2977
4828,1049
4829,771
4830,4666
4831,936
4832,4990
4833,4580
4834,3199
4835,2595
4836,1659
4837,3202
4838,435
4839,1097
4840,901
4841,2263
4842,3304
4843,3010
4844,3387
4845,4635
4846,4292
4847,182
4848,1613
4849,4456
4850,4297
4851,519
4852,3753
4853,4993
4854,4492
4855,3136
4856,2415
4857,4265
4858,4234
4859,1973
4860,2618
4861,4433
4862,162
4863,2821
4864,3213
4865,3469
4866,3635
4867,1009
4868,4503
4869,2987
4870,2302
4871,2797
4872,2744
4873,481
4874,3545
4875,3369
4876,3416
4877,2057
4878,1760
4879,3151
4880,2802
4881,2746
4882,2356
4883,649
4884,4389
4885,4175
4886,3468
4887,4951
4888,2728
4889,2656
4890,3833
4891,3080
4892,2434
4893,4798
4894,490
4895,4120
4896,2424
4897,2869
4898,4658
4899,4598
4900,2182
4901,3568
4902,965
4903,4860
4904,4420
4905,2045
4906,3617
4907,2852
4908,490
4909,752
4910,2084
4911,3602
4912,2291
4913,3696
4914,2399
4915,3065
4916,4005
4917,4043
4918,1350
4919,4390
4920,1895
4921,2241
4922,602
4923,3335
4924,4798
4925,4266
4926,1778
4927,1624
4928,4864
4929,2080
4930,4846
4931,1837
4932,2203
4933,3030
4934,1303
4935,2566
4936,3871
4937,3905
4938,1510
4939,4561
4940,1978
4941,1473
4942,692
4943,3144
4944,4726
4945,2645
4946,374
4947,742
4948,2777
4949,3583
4950,914
4951,2553
4952,1987
4953,1606
4954,4652
4955,273
4956,876
4957,1687
4958,4078
4959,4432
4960,1760
4961,2099
4962,4237
4963,2825
4964,3462
4965,4742
4966,1062
4967,2977
4968,853
4969,3063
4970,2319
4971,3042
4972,2223
4973,2636
4974,2487
4975,3839
4976,2230
4977,2142
4978,2067
4979,2524
4980,4885
4981,2968
4982,2293
4983,1987
4984,4406
4985,710
4986,707
4987,427
4988,3208
4989,1618
4990,4244
4991,4635
4992,2594
4993,3366
4994,1156
4995,4699
4996,1751
4997,3366
4998,2145
4999,3894
5000,689
5001,1042
5002,2340
5003,1684
5004,1282
5005,3866
5006,208
5007,4622
5008,4078
5009,325
5010,4854
5011,4450
5012,4910
5013,569
5014,2263
5015,2805
5016,1274
5017,2866
5018,3163
5019,376
5020,4852
5021,1406
5022,2125
5023,3392
5024,4556
5025,938
5026,470
5027,1727
5028,863
5029,3402
5030,1753
5031,421
5032,4267
5033,3598
5034,4453
5035,2934
5036,3391
5037,2778
5038,1354
5039,1428
5040,1303
5041,2428
5042,1898
5043,4677
5044,2159
5045,2529
5046,4190
5047,3421
5048,1078
5049,694
5050,506
5051,2535
5052,4323
5053,3308
5054,1318
5055,2398
5056,193
5057,1074
5058,3564
5059,4508
5060,4944
5061,2580
5062,2798
5063,4560
5064,413
5065,544
5066,1882
5067,2307
5068,3072
5069,3523
5070,4446
5071,762
5072,4226
5073,3956
5074,4392
5075,2794
5076,2905
5077,4214
5078,2333
5079,3655
5080,4846
5081,2032
5082,751
5083,2382
5084,3821
5085,1737
5086,1917
5087,4074
5088,386
5089,3652
5090,1676
5091,2481
5092,1694
5093,2803
5094,823
5095,2808
5096,647
5097,4885
5098,2973
5099,4133
5100,3941
5101,4234
5102,4091
5103,4198
5104,504
5105,246
5106,1539
5107,452
5108,3086
5109,4674
5110,4157
5111,520
5112,1919
5113,2358
5114,3950
5115,859
5116,466
5117,2917
5118,4003
5119,2878
5120,2356
5121,3078
5122,2072
5123,1371
5124,4460
5125,2679
5126,1851
5127,2909
5128,1774
5129,4035
5130,2449
5131,2741
5132,4018
5133,2654
5134,2681
5135,1189
5136,2084
5137,2119
5138,1110
5139,3126
5140,4531
5141,3978
5142,4316
5143,3228
5144,4460
5145,3337
5146,3896
5147,1109
5148,4481
5149,458
5150,4217
5151,4815
5152,1493
5153,3602
5154,3559
5155,4539
5156,4536
5157,4489
5158,2538
5159,4456
5160,4350
5161,4813
5162,2497
5163,4524
5164,1667
5165,694
5166,3909
5167,913
5168,3685
5169,1913
5170,945
5171,3464
5172,568
5173,4035
5174,952
5175,4434
5176,4031
5177,616
5178,4963
5179,4642
5180,972
5181,3892
5182,3800
5183,567
5184,668
5185,3754
5186,4883
5187,4925
5188,4909
5189,4898
5190,972
5191,2455
5192,2521
5193,561
5194,3129
5195,4663
5196,1666
5197,4989
5198,4449
5199,4789
5200,4226
5201,3569
5202,607
5203,4222
5204,1365
5205,4494
5206,4196
5207,3062
5208,3844
5209,2679
5210,589
5211,4079
5212,4650
5213,3997
5214,1820
5215,4968
5216,4354
5217,3101
5218,2409
5219,4279
5220,3416
5221,4187
5222,2184
5223,402
5224,4749
5225,2359
5226,3744
5227,731
5228,2646
5229,2353
5230,2882
5231,3688
5232,2755
5233,3336
5234,1950
5235,780
5236,2232
5237,2328
5238,1930
5239,1761
5240,1472
5241,2662
5242,4559
5243,3748
5244,1982
5245,4134
5246,3650
5247,3770
5248,4948
5249,839
5250,4189
5251,3071
5252,1136
5253,602
5254,3409
5255,740
5256,4510
5257,1058
5258,2946
5259,1325
5260,4192
5261,1531
5262,457
5263,2981
5264,3078
5265,2253
5266,733
5267,4000
5268,2305
5269,4427
5270,545
5271,2899
5272,2344
5273,639
5274,4595
5275,1416
5276,1491
5277,2638
5278,2967
5279,4701
5280,1963
5281,2633
5282,763
5283,4679
5284,3976
5285,3021
5286,289
5287,4052
5288,377
5289,880
5290,3226
5291,997
5292,718
5293,4498
5294,3944
5295,4179
5296,3342
5297,4213
5298,1066
5299,4860
5300,2825
5301,582
5302,1162
5303,4946
5304,4036
5305,2254
5306,4912
5307,2098
5308,4856
5309,3713
5310,1389
5311,2916
5312,4575
5313,2712
5314,4670
5315,4205
5316,2147
5317,459
5318,638
5319,433
5320,1410
5321,3418
5322,4099
5323,3258
5324,4533
5325,1261
5326,1948
5327,4535
5328,4461
5329,2058
5330,4068
5331,838
5332,3726
5333,3930
5334,2193
5335,1417
5336,2834
5337,3495
5338,730
5339,4569
5340,4157
5341,2506
5342,404
5343,2396
5344,4087
5345,2613
5346,1953
5347,1500
5348,2101
5349,2384
5350,634
5351,3084
5352,4809
5353,2701
5354,4038
5355,2341
5356,303
5357,1773
5358,2718
5359,4263
5360,3263
5361,1199
5362,2755
5363,3543
5364,4590
5365,3487
5366,783
5367,1012
5368,2734
5369,3968
5370,2351
5371,2548
5372,1209
5373,173
5374,1314
5375,1387
5376,4929
5377,754
5378,2529
5379,4430
5380,3865
5381,3527
5382,1707
5383,3183
5384,3533
5385,4852
5386,4675
5387,2675
5388,2041
5389,4815
5390,4307
5391,2627
5392,1666
5393,1965
5394,385
5395,378
5396,1859
5397,1780
5398,3522
5399,3979
5400,599
5401,3809
5402,1082
5403,2772
5404,4753
5405,733
5406,3960
5407,465
5408,945
5409,2017
5410,2802
5411,3577
5412,1419
5413,2271
5414,835
5415,3637
5416,4981
5417,435
5418,1093
5419,978
5420,4615
5421,4453
5422,3393
5423,2610
5424,4675
5425,1458
5426,1945
5427,4682
5428,1011
5429,2180
5430,1523
5431,1802
5432,699
5433,1093
5434,3354
5435,3633
5436,1189
5437,162
5438,715
5439,4229
5440,3614
5441,3117
5442,4561
5443,4811
5444,3283
5445,3147
5446,2329
5447,1276
5448,1761
5449,183
5450,2592
5451,832
5452,3890
5453,2993
5454,3013
5455,539
5456,2495
5457,2837
5458,2287
5459,2432
5460,2767
5461,2588
5462,4008
5463,1186
5464,3689
5465,606
5466,1128
5467,3818
5468,2394
5469,2090
5470,3534
5471,2633
5472,4263
5473,619
5474,1782
5475,3733
5476,337
5477,4460
5478,2357
5479,3736
5480,1573
5481,4846
5482,1027
5483,4960
5484,1150
5485,1484
5486,2181
5487,2212
5488,3523
5489,1177
5490,3635
5491,4418
5492,416
5493,2593
5494,441
5495,3083
5496,1835
5497,1535
5498,238
5499,4146
5500,4374
5501,3357
5502,1379
5503,3130
5504,1668
5505,2555
5506,1283
5507,4411
5508,1401
5509,4836
5510,3749
5511,4519
5512,4197
5513,3989
5514,1515
5515,4374
5516,4619
5517,2667
5518,1442
5519,3095
5520,4922
5521,4519
5522,3819
5523,1029
5524,2460
5525,993
5526,749
5527,3291
5528,687
5529,1792
5530,1505
5531,4665
5532,3875
5533,1193
5534,4693
5535,2281
5536,4335
5537,245
5538,2273
5539,1921
5540,2200
5541,3736
5542,1254
5543,2929
5544,1120
5545,541
5546,656
5547,2241
5548,2301
5549,1854
5550,1677
5551,370
5552,200
5553,2532
5554,910
5555,3775
5556,3737
5557,4555
5558,233
5559,2725
5560,3799
5561,1803
5562,2615
5563,1414
5564,1220
5565,1412
5566,2856
5567,2934
5568,4262
5569,4245
5570,2046
5571,4649
5572,4983
5573,2975
5574,1324
5575,1571
5576,598
5577,2274
5578,477
5579,159
5580,3766
5581,2647
5582,3451
5583,2265
5584,2206
5585,3249
5586,4146
5587,610
5588,1781
5589,3239
5590,2146
5591,3151
5592,3969
5593,4451
5594,4041
5595,4524
5596,4015
5597,4668
5598,2653
5599,1148
5600,2655
5601,4862
5602,1753
5603,932
5604,837
5605,1979
5606,2785
5607,4284
5608,1488
5609,4944
5610,3130
5611,771
5612,1902
5613,2212
5614,3857
5615,4260
5616,2396
5617,1797
5618,728
5619,4320
5620,322
5621,3608
5622,4877
5623,612
5624,3523
5625,3506
5626,3127
5627,2529
5628,2194
5629,2029
5630,4778
5631,1124
5632,3527
5633,1207
5634,4196
5635,662
5636,4636
5637,3443
5638,2286
5639,3806
5640,1013
5641,3963
5642,1097
5643,2881
5644,4185
5645,460
5646,2171
5647,2678
5648,2146
5649,2032
5650,2410
5651,2372
5652,2306
5653,1527
5654,2779
5655,2340
5656,2860
5657,1269
5658,2592
5659,1796
5660,3973
5661,3777
5662,775
5663,3328
5664,2308
5665,1909
5666,3936
5667,159
5668,3131
5669,3246
5670,3314
5671,1296
5672,2358
5673,601
5674,3990
5675,4046
5676,4873
5677,268
5678,4625
5679,1698
5680,995
5681,1863
5682,4500
5683,2574
5684,4904
5685,3284
5686,662
5687,4813
5688,2295
5689,2076
5690,4586
5691,4225
5692,1041
5693,4647
5694,3528
5695,4450
5696,3024
5697,4563
5698,3399
5699,305
5700,3815
5701,2202
5702,431
5703,3649
5704,3765
5705,4774
5706,2461
5707,3323
5708,4593
5709,581
5710,3296
5711,3925
5712,1501
5713,3261
5714,286
5715,205
5716,4470
5717,3657
5718,774
5719,3056
5720,4362
5721,388
5722,4976
5723,2429
5724,208
5725,960
5726,1295
5727,2692
5728,659
5729,359
5730,3636
5731,1372
5732,1625
5733,553
5734,4759
5735,210
5736,2305
5737,4918
5738,1050
5739,1933
5740,803
5741,2128
5742,1905
5743,1095
5744,4348
5745,1338
5746,4503
5747,1284
5748,1666
5749,2260
5750,4440
5751,4491
5752,4414
5753,3617
5754,1920
5755,3709
5756,2349
5757,779
5758,2534
5759,4539
5760,4768
5761,2561
5762,159
5763,2311
5764,2589
5765,728
5766,2844
5767,2821
5768,3100
5769,4969
5770,2405
5771,176
5772,4084
5773,3664
5774,3398
5775,3788
5776,2308
5777,3230
5778,3420
5779,2012
5780,3798
5781,2712
5782,1119
5783,2886
5784,4402
5785,3321
5786,837
5787,4282
5788,2492
5789,4752
5790,2762
5791,891
5792,1198
5793,2340
5794,1650
5795,1463
5796,1080
5797,3588
5798,2749
5799,819
5800,4480
5801,3593
5802,4698
5803,187
5804,1295
5805,4358
5806,4756
5807,4663
5808,3842
5809,1101
5810,688
5811,4641
5812,1801
5813,1553
5814,2720
5815,2847
5816,3337
5817,1130
5818,478
5819,2181
5820,3810
5821,370
5822,2197
5823,957
5824,1542
5825,288
5826,1871
5827,1140
5828,3799
5829,3956
5830,1299
5831,2820
5832,1018
5833,1750
5834,3354
5835,3425
5836,3912
5837,4266
5838,3827
5839,1406
5840,388
5841,812
5842,1406
5843,1721
5844,1603
5845,2710
5846,4697
5847,812
5848,176
5849,4032
5850,4699
5851,4590
5852,4593
5853,2991
5854,1686
5855,1506
5856,2553
5857,3461
5858,4795
5859,3900
5860,1136
5861,929
5862,299
5863,4102
5864,4989
5865,3577
5866,511
5867,3660
5868,3084
5869,342
5870,1452
5871,3315
5872,1596
5873,3731
5874,3913
5875,600
5876,2492
5877,2901
5878,4750
5879,1522
5880,878
5881,4271
5882,3333
5883,4133
5884,4364
5885,3739
5886,3509
5887,573
5888,4551
5889,476
5890,2159
5891,2805
5892,3334
5893,4971
5894,1706
5895,4010
5896,4595
5897,3280
5898,734
5899,4044
5900,2540
5901,4265
5902,3559
5903,2602
5904,1211
5905,1651
5906,2180
5907,3096
5908,3543
5909,4904
5910,2295
5911,3910
5912,2830
5913,4465
5914,4194
5915,2780
5916,4773
5917,2408
5918,3509
5919,3682
5920,4254
5921,3465
5922,1980
5923,175
5924,1843
5925,4454
5926,4581
5927,2976
5928,4273
5929,3044
5930,870
5931,4039
5932,4721
5933,3125
5934,4074
5935,3440
5936,811
5937,4696
5938,1836
5939,340
5940,4626
5941,2180
5942,1717
5943,1906
5944,4997
5945,4535
5946,4276
5947,3494
5948,3832
5949,2382
5950,3649
5951,2071
5952,728
5953,1740
5954,4229
5955,645
5956,339
5957,3676
5958,2902
5959,2189
5960,282
5961,343
5962,2275
5963,3272
5964,2839
5965,718
5966,2335
5967,2974
5968,483
5969,1006
5970,1252
5971,4043
5972,3629
5973,930
5974,3853
5975,1066
5976,3065
5977,4391
5978,3597
5979,434
5980,3136
5981,1464
5982,1541
5983,4539
5984,2136
5985,3718
5986,1381
5987,4306
5988,477
5989,1985
5990,2437
5991,4948
5992,1784
5993,4354
5994,786
5995,4746
5996,2414
5997,4646
5998,4026
5999,2303
6000,4293
6001,4968
6002,1506
6003,175
6004,4193
6005,1548
6006,3234
6007,769
6008,3713
6009,182
6010,4586
6011,3295
6012,1438
6013,3263
6014,2311
6015,4896
6016,1723
6017,4096
6018,4398
6019,4915
6020,3156
6021,1418
6022,4751
6023,4886
6024,1863
6025,4760
6026,3524
6027,3019
6028,1018
6029,3686
6030,1494
6031,1452
6032,3319
6033,1990
6034,319
6035,1554
6036,2317
6037,4308
6038,537
6039,2339
6040,666
6041,4422
6042,4747
6043,1440
6044,1006
6045,263
6046,2380
6047,4191
6048,3799
6049,269
6050,2780
6051,1768
6052,1517
6053,2649
6054,2037
6055,1982
6056,2194
6057,754
6058,3199
6059,1565
6060,457
6061,2110
6062,4697
6063,2029
6064,4446
6065,833
6066,4203
6067,4485
6068,4223
6069,871
6070,3402
6071,2771
6072,4078
6073,1461
6074,2072
6075,388
6076,1184
6077,1014
6078,3240
6079,1521
6080,4811
6081,1102
6082,2317
6083,442
6084,1821
6085,2322
6086,1666
6087,233
6088,2737
6089,2368
6090,3200
6091,2123
6092,1766
6093,1816
6094,2457
6095,4381
6096,4189
6097,3037
6098,867
6099,3793
6100,1417
6101,1217
6102,2671
6103,3397
6104,4877
6105,2005
6106,3854
6107,779
6108,2015
6109,1305
6110,4883
6111,3168
6112,3462
6113,456
6114,1891
6115,2481
6116,379
6117,3678
6118,1116
6119,2047
6120,4732
6121,3554
6122,4651
6123,3511
6124,873
6125,1266
6126,2288
6127,4711
6128,2844
6129,2765
6130,576
6131,4944
6132,340
6133,3644
6134,4417
6135,1075
6136,3150
6137,1052
6138,1953
6139,833
6140,1775
6141,4541
6142,1590
6143,2666
6144,4984
6145,298
6146,4539
6147,921
6148,3590
6149,1882
6150,3119
6151,1402
6152,3282
6153,347
6154,4721
6155,3119
6156,466
6157,2681
6158,4170
6159,455
6160,4676
6161,1683
6162,3231
6163,1526
6164,3892
6165,1573
6166,4320
6167,321
6168,1075
6169,4837
6170,1434
6171,865
6172,4016
6173,4176
6174,2644
6175,334
6176,1173
6177,2375
6178,1177
6179,3921
6180,4814
6181,1889
6182,3602
6183,891
6184,2935
6185,4241
6186,2295
6187,2024
6188,647
6189,2132
6190,3297
6191,667
6192,2865
6193,2513
6194,3151
6195,3045
6196,3597
6197,635
6198,4769
6199,1116
6200,507
6201,1872
6202,4966
6203,3233
6204,1443
6205,3624
6206,4516
6207,2636
6208,4905
6209,1565
6210,4980
6211,609
6212,597
6213,4698
6214,2931
6215,3275
6216,3393
6217,3550
6218,2084
6219,3136
6220,352
6221,2798
6222,455
6223,312
6224,3593
6225,2600
6226,510
6227,2442
6228,610
6229,2983
6230,4286
6231,208
6232,252
6233,3302
6234,3576
6235,4475
6236,1066
6237,4549
6238,3293
6239,2348
6240,2976
6241,1675
6242,1606
6243,486
6244,1568
6245,688
6246,3796
6247,433
6248,3462
6249,1677
6250,2098
6251,370
6252,1352
6253,2166
6254,2355
6255,1242
6256,1042
6257,3988
6258,2849
6259,4850
6260,2503
6261,2109
6262,349
6263,440
6264,491
6265,4240
6266,460
6267,464
6268,1650
6269,396
6270,2203
6271,4193
6272,167
6273,3717
6274,4152
6275,1730
6276,2776
6277,4346
6278,3708
6279,3857
6280,1754
6281,1459
6282,301
6283,1864
6284,267
6285,626
6286,4029
6287,4476
6288,3436
6289,2014
6290,2391
6291,3279
6292,1787
6293,4053
6294,4766
6295,2476
6296,2914
6297,4744
6298,2759
6299,982
6300,1373
6301,1847
6302,1854
6303,4295
6304,1117
6305,741
6306,2096
6307,3860
6308,4715
6309,1114
6310,2943
6311,2493
6312,4829
6313,2884
6314,815
6315,2161
6316,4341
6317,572
6318,3505
6319,3820
6320,3607
6321,736
6322,4351
6323,3746
6324,4277
6325,151
6326,4021
6327,859
6328,4002
6329,849
6330,2913
6331,662
6332,3439
6333,226
6334,4966
6335,2106
6336,639
6337,4627
6338,4383
6339,2161
6340,2046
6341,3035
6342,4317
6343,1858
6344,3078
6345,2294
6346,2372
6347,2274
6348,3859
6349,3007
6350,2321
6351,2024
6352,3201
6353,3305
6354,730
6355,3609
6356,1195
6357,3812
6358,2214
6359,2951
6360,2871
6361,2139
6362,4223
6363,2568
6364,333
6365,3846
6366,3245
6367,3426
6368,2091
6369,489
6370,2039
6371,262
6372,4034
6373,4837
6374,3122
6375,3165
6376,4005
6377,4243
6378,3299
6379,2277
6380,4735
6381,4596
6382,2523
6383,1351
6384,1892
6385,1686
6386,2360
6387,3075
6388,3250
6389,3034
6390,2853
6391,1593
6392,3130
6393,962
6394,1425
6395,1304
6396,4621
6397,1704
6398,4093
6399,1107
6400,3185
6401,4156
6402,3237
6403,1230
6404,2595
6405,2465
6406,2742
6407,3660
6408,549
6409,4608
6410,3041
6411,3541
6412,4707
6413,256
6414,322
6415,2665
6416,4080
6417,4978
6418,2661
6419,2228
6420,4565
6421,3764
6422,2997
6423,4494
6424,595
6425,1852
6426,1170
6427,3504
6428,1264
6429,3765
6430,1944
6431,623
6432,4279
6433,3407
6434,2189
6435,727
6436,1425
6437,647
6438,2219
6439,1057
6440,4010
6441,437
6442,1392
6443,3104
6444,615
6445,4498
6446,459
6447,3770
6448,2248
6449,1229
6450,2725
6451,3343
6452,4925
6453,3502
6454,4404
6455,1542
6456,4904
6457,4411
6458,2425
6459,1239
6460,4515
6461,418
6462,2001
6463,4025
6464,2236
6465,3406
6466,1473
6467,4458
6468,2374
6469,4188
6470,562
6471,562
6472,4158
6473,4365
6474,1846
6475,2221
6476,3064
6477,2010
6478,2218
6479,1460
6480,4228
6481,1713
6482,3937
6483,3609
6484,1058
6485,571
6486,3634
6487,4029
6488,2886
6489,3834
6490,4552
6491,1247
6492,4834
6493,2317
6494,883
6495,447
6496,1996
6497,2455
6498,3299
6499,1717
6500,1141
6501,4009
6502,3771
6503,346
6504,4125
6505,4833
6506,3205
6507,2511
6508,4835
6509,1406
6510,1573
6511,2386
6512,4844
6513,4543
6514,2445
6515,4672
6516,2729
6517,1977
6518,1188
6519,364
6520,4324
6521,3366
6522,798
6523,414
6524,2973
6525,2124
6526,2571
6527,4333
6528,4633
6529,1316
6530,4171
6531,4398
6532,646
6533,2408
6534,4103
6535,181
6536,169
6537,3133
6538,3618
6539,1427
6540,2638
6541,264
6542,4407
6543,278
6544,3699
6545,3074
6546,3256
6547,1970
6548,4890
6549,1096
6550,346
6551,4516
6552,548
6553,3447
6554,314
6555,680
6556,1337
6557,3097
6558,3436
6559,4553
6560,2749
6561,801
6562,3426
6563,3522
6564,3847
6565,152
6566,2240
6567,4368
6568,2623
6569,1007
6570,1150
6571,1499
6572,383
6573,2893
6574,648
6575,3465
6576,320
6577,4235
6578,3805
6579,2480
6580,3288
6581,1382
6582,4336
6583,4767
6584,1758
6585,3360
6586,4966
6587,4394
6588,1299
6589,4838
6590,3016
6591,931
6592,4960
6593,3763
6594,3675
6595,3355
6596,978
6597,1861
6598,1178
6599,2571
6600,4918
6601,838
6602,4996
6603,231
6604,2860
6605,2152
6606,4537
6607,1190
6608,662
6609,428
6610,256
6611,1711
6612,1557
6613,2386
6614,3110
6615,3829
6616,3846
6617,1762
6618,4421
6619,1651
6620,1663
6621,3563
6622,2798
6623,2619
6624,968
6625,4786
6626,2538
6627,2035
6628,531
6629,2834
6630,1618
6631,1359
6632,3661
6633,3387
6634,816
6635,3485
6636,1121
6637,2790
6638,4603
6639,2882
6640,3506
6641,725
6642,879
6643,186
6644,4557
6645,3521
6646,275
6647,2696
6648,3150
6649,1344
6650,1684
6651,3909
6652,4657
6653,1199
6654,4760
6655,3327
6656,930
6657,2752
6658,2329
6659,3665
6660,3374
6661,583
6662,3649
6663,3155
6664,1362
6665,907
6666,4233
6667,1297
6668,1377
6669,1001
6670,540
6671,4062
6672,3872
6673,3303
6674,961
6675,4477
6676,983
6677,1662
6678,2211
6679,1074
6680,3003
6681,3985
6682,327
6683,2627
6684,4827
6685,440
6686,3001
6687,672
6688,3230
6689,2110
6690,2657
6691,584
6692,2702
6693,2847
6694,1389
6695,464
6696,412
6697,4091
6698,941
6699,4770
6700,3505
6701,2933
6702,2270
6703,2118
6704,4826
6705,2348
6706,414
6707,156
6708,686
6709,3132
6710,3809
6711,1293
6712,2852
6713,4727
6714,1476
6715,1432
6716,3989
6717,2746
6718,3663
6719,1014
6720,2351
6721,987
6722,3243
6723,2004
6724,2949
6725,4339
6726,1294
6727,439
6728,3176
6729,396
6730,2162
6731,4911
6732,2683
6733,2724
6734,1717
6735,4993
6736,1668
6737,3090
6738,3624
6739,2269
6740,4395
6741,658
6742,4392
6743,969
6744,4856
6745,2064
6746,177
6747,3389
6748,787
6749,4512
6750,2060
6751,1267
6752,523
6753,1007
6754,4313
6755,3086
6756,2313
6757,1655
6758,163
6759,1309
6760,1015
6761,4961
6762,2417
6763,3515
6764,4664
6765,1484
6766,3645
6767,449
6768,403
6769,4656
6770,1217
6771,871
6772,1669
6773,2385
6774,1596
6775,1969
6776,4817
6777,398
6778,676
6779,2908
6780,4849
6781,4756
6782,3497
6783,2762
6784,2833
6785,1254
6786,1894
6787,4025
6788,411
6789,4596
6790,2984
6791,4070
6792,3205
6793,2479
6794,3885
6795,2234
6796,4135
6797,4114
6798,3302
6799,685
6800,4350
6801,2049
6802,486
6803,4289
6804,4066
6805,4877
6806,2168
6807,4223
6808,2719
6809,3472
6810,4757
6811,3207
6812,1420
6813,1601
6814,4331
6815,3007
6816,2212
6817,4610
6818,1523
6819,4445
6820,3915
6821,3215
6822,995
6823,2345
6824,4804
6825,4779
6826,1975
6827,182
6828,1058
6829,1561
6830,3585
6831,2565
6832,3773
6833,3443
6834,4940
6835,1919
6836,3323
6837,478
6838,2410
6839,3398
6840,342
6841,2204
6842,2677
6843,1657
6844,3634
6845,2183
6846,1088
6847,3613
6848,4892
6849,3217
6850,2686
6851,1052
6852,1627
6853,2527
6854,3652
6855,2320
6856,2835
6857,282
6858,2565
6859,1214
6860,1167
6861,1482
6862,2195
6863,4350
6864,2961
6865,4108
6866,276
6867,363
6868,552
6869,4456
6870,2717
6871,1755
6872,3896
6873,2172
6874,2972
6875,4448
6876,4117
6877,2090
6878,4498
6879,1533
6880,3236
6881,2239
6882,2254
6883,3396
6884,2469
6885,2510
6886,2243
6887,892
6888,2395
6889,991
6890,3415
6891,2781
6892,3857
6893,2702
6894,4657
6895,2733
6896,1431
6897,2551
6898,2500
6899,1800
6900,3132
6901,3462
6902,4936
6903,2698
6904,2543
6905,3275
6906,331
6907,1403
6908,1029
6909,1126
6910,4822
6911,4552
6912,4926
6913,2334
6914,2535
6915,2957
6916,1318
6917,1739
6918,1297
6919,3870
6920,2558
6921,2987
6922,4154
6923,4641
6924,1734
6925,2738
6926,4949
6927,4651
6928,3178
6929,4416
6930,2791
6931,3730
6932,3603
6933,1744
6934,2094
6935,2948
6936,4960
6937,1078
6938,4407
6939,3054
6940,3793
6941,671
6942,1496
6943,659
6944,2702
6945,2907
6946,1579
6947,4378
6948,3871
6949,2069
6950,1108
6951,502
6952,1236
6953,1107
6954,3222
6955,1324
6956,1337
6957,4991
6958,4030
6959,1031
6960,4124
6961,993
6962,1045
6963,1472
6964,704
6965,2314
6966,3663
6967,2188
6968,1190
6969,3950
6970,1103
6971,1962
6972,2757
6973,816
6974,2576
6975,882
6976,580
6977,3900
6978,3292
6979,4452
6980,1600
6981,3053
6982,4957
6983,1310
6984,4189
6985,718
6986,271
6987,2057
6988,209
6989,1216
6990,545
6991,1771
6992,1229
6993,2398
6994,3702
6995,1689
6996,2513
6997,4948
6998,3271
6999,645
7000,4097
7001,2232
7002,4315
7003,1027
7004,1157
7005,4550
7006,3135
7007,766
7008,3461
7009,2288
7010,877
7011,3606
7012,843
7013,1095
7014,2556
7015,391
7016,3681
7017,3949
7018,2171
7019,3075
7020,866
7021,1031
7022,4274
7023,3236
7024,2220
7025,180
7026,1530
7027,3036
7028,4396
7029,3067
7030,941
7031,3296
7032,2736
7033,2340
7034,2047
7035,3474
7036,3345
7037,2899
7038,248
7039,1008
7040,4630
7041,3479
7042,1457
7043,822
7044,4287
7045,1030
7046,2650
7047,4108
7048,2785
7049,2316
7050,3099
7051,463
7052,2182
7053,3248
7054,1099
7055,2668
7056,2723
7057,2039
7058,3014
7059,3613
7060,2949
7061,1815
7062,1635
7063,520
7064,3075
7065,4512
7066,1746
7067,1973
7068,3816
7069,2207
7070,500
7071,1708
7072,2965
7073,4667
7074,3235
7075,2421
7076,2232
7077,1598
7078,3498
7079,950
7080,3058
7081,356
7082,402
7083,3781
7084,4838
7085,4140
7086,786
7087,4536
7088,2489
7089,2076
7090,2042
7091,4636
7092,3176
7093,525
7094,4531
7095,3942
7096,1452
7097,2683
7098,2819
7099,2155
7100,1572
7101,2443
7102,3115
7103,4068
7104,1433
7105,3961
7106,2008
7107,3617
7108,3383
7109,1865
7110,983
7111,3674
7112,1690
7113,4787
7114,3609
7115,1374
7116,3549
7117,1089
7118,1811
7119,2584
7120,3920
7121,1620
7122,4873
7123,1554
7124,3515
7125,2471
7126,2646
7127,3456
7128,4811
7129,1442
7130,4703
7131,3117
7132,3726
7133,3016
7134,3213
7135,1510
7136,4998
7137,456
7138,2522
7139,4594
7140,1644
7141,1520
7142,2009
7143,4742
7144,998
7145,1155
7146,309
7147,1449
7148,2584
7149,1853
7150,4899
7151,917
7152,2961
7153,2499
7154,4058
7155,3779
7156,2605
7157,3365
7158,503
7159,3592
7160,2703
7161,1241
7162,1857
7163,2707
7164,536
7165,1178
7166,1549
7167,1810
7168,3111
7169,3069
7170,843
7171,2389
7172,4322
7173,3066
7174,2727
7175,3319
7176,726
7177,3459
7178,2915
7179,1720
7180,3905
7181,331
7182,4076
7183,2450
7184,673
7185,4578
7186,1858
7187,716
7188,3217
7189,824
7190,2176
7191,2377
7192,4060
7193,237
7194,4107
7195,4796
7196,4557
7197,249
7198,3313
7199,1850
7200,1381
7201,2048
7202,1763
7203,4797
7204,3532
7205,2894
7206,4557
7207,2596
7208,4672
7209,3172
7210,4996
7211,4543
7212,4223
7213,2118
7214,3628
7215,925
7216,566
7217,3624
7218,402
7219,2587
7220,4340
7221,1583
7222,1950
7223,3379
7224,2439
7225,4039
7226,1960
7227,1953
7228,917
7229,3257
7230,690
7231,3193
7232,507
7233,3705
7234,3566
7235,1981
7236,1335
7237,2430
7238,2156
7239,617
7240,4273
7241,3959
7242,735
7243,4417
7244,4354
7245,475
7246,4927
7247,1311
7248,3974
7249,659
7250,4848
7251,2776
7252,3267
7253,2725
7254,1779
7255,2199
7256,4651
7257,1675
7258,3787
7259,1427
7260,839
7261,4461
7262,4880
7263,4167
7264,4695
7265,3551
7266,2514
7267,1464
7268,4192
7269,2129
7270,3793
7271,4433
7272,2449
7273,538
7274,795
7275,4604
7276,1952
7277,4342
7278,4344
7279,3453
7280,3103
7281,4946
7282,3953
7283,3775
7284,1507
7285,2239
7286,1840
7287,3351
7288,3118
7289,2446
7290,4228
7291,4325
7292,4258
7293,4538
7294,1330
7295,3502
7296,1445
7297,1523
7298,584
7299,2792
7300,1270
7301,4753
7302,4678
7303,4032
7304,3784
7305,4647
7306,1382
7307,2198
7308,351
7309,1673
7310,3585
7311,3224
7312,1534
7313,2114
7314,693
7315,439
7316,2034
7317,3664
7318,4687
7319,3233
7320,3798
7321,1452
7322,4273
7323,4053
7324,351
7325,3903
7326,592
7327,429
7328,2955
7329,4306
7330,1857
7331,1096
7332,4992
7333,3027
7334,4105
7335,702
7336,1156
7337,359
7338,642
7339,2989
7340,2437
7341,1704
7342,517
7343,1175
7344,4841
7345,2303
7346,3726
7347,4590
7348,2933
7349,4407
7350,1047
7351,1360
7352,1672
7353,875
7354,4724
7355,3846
7356,4231
7357,3762
7358,2912
7359,1634
7360,2953
7361,2669
7362,1401
7363,899
7364,4154
7365,4943
7366,4583
7367,4593
7368,3446
7369,774
7370,1030
7371,2221
7372,4701
7373,3344
7374,2394
7375,1312
7376,4821
7377,4874
7378,2023
7379,3317
7380,159
7381,608
7382,4233
7383,1610
7384,1759
7385,4475
7386,3704
7387,3607
7388,1770
7389,2748
7390,4918
7391,703
7392,2671
7393,4364
7394,3995
7395,3376
7396,4173
7397,3651
7398,3673
7399,2930
7400,2887
7401,4547
7402,2485
7403,313
7404,418
7405,2729
7406,586
7407,3236
7408,3132
7409,194
7410,819
7411,4800
7412,1570
7413,1127
7414,1377
7415,477
7416,2761
7417,278
7418,725
7419,2820
7420,4048
7421,2110
7422,4388
7423,157
7424,4729
7425,2015
7426,3390
7427,1482
7428,4163
7429,4748
7430,2027
7431,3608
7432,3284
7433,4326
7434,4812
7435,4254
7436,185
7437,420
7438,2157
7439,3165
7440,4806
7441,4019
7442,4617
7443,3652
7444,2941
7445,1730
7446,2603
7447,4031
7448,4652
7449,3434
7450,1975
7451,4793
7452,4713
7453,1250
7454,299
7455,754
7456,3121
7457,3361
7458,2782
7459,653
7460,4635
7461,2478
7462,1224
7463,1987
7464,4118
7465,3577
7466,2005
7467,331
7468,2271
7469,1078
7470,4427
7471,4961
7472,4913
7473,3170
7474,3541
7475,873
7476,4717
7477,366
7478,1758
7479,1842
7480,4133
7481,1297
7482,3580
7483,1757
7484,4044
7485,499
7486,681
7487,4939
7488,1288
7489,2735
7490,1775
7491,4984
7492,4301
7493,3957
7494,1466
7495,3069
7496,1509
7497,250
7498,2683
7499,4642
7500,3454
7501,3588
7502,3899
7503,4039
7504,3183
7505,618
7506,1931
7507,4760
7508,2999
7509,1355
7510,2349
7511,548
7512,2246
7513,431
7514,294
7515,2481
7516,280
7517,4001
7518,498
7519,2730
7520,2683
7521,2098
7522,748
7523,3103
7524,3685
7525,4009
7526,1260
7527,4911
7528,899
7529,3653
7530,4830
7531,1553
7532,880
7533,3653
7534,3768
7535,2904
7536,4994
7537,3897
7538,3739
7539,4285
7540,1385
7541,4775
7542,1665
7543,2263
7544,1845
7545,995
7546,4189
7547,2189
7548,4074
7549,4853
7550,4384
7551,2251
7552,3788
7553,538
7554,1233
7555,4776
7556,317
7557,2013
7558,4690
7559,2134
7560,2635
7561,2447
7562,565
7563,4150
7564,4671
7565,2679
7566,4463
7567,2757
7568,1167
7569,1095
7570,4930
7571,1714
7572,4403
7573,2371
7574,538
7575,3250
7576,4319
7577,1851
7578,2580
7579,3773
7580,672
7581,2879
7582,1604
7583,4081
7584,2520
7585,817
7586,1053
7587,4459
7588,4772
7589,172
7590,299
7591,2201
7592,4853
7593,1980
7594,1247
7595,427
7596,4833
7597,1889
7598,3637
7599,3440
7600,329
7601,1852
7602,345
7603,3083
7604,4581
7605,3974
7606,2443
7607,832
7608,1535
7609,831
7610,1424
7611,367
7612,3103
7613,1452
7614,2410
7615,4888
7616,4678
7617,2536
7618,3323
7619,231
7620,599
7621,2296
7622,550
7623,2418
7624,1753
7625,1783
7626,3936
7627,4620
7628,1505
7629,1046
7630,4646
7631,4455
7632,4842
7633,4144
7634,1596
7635,2843
7636,1477
7637,1362
7638,4384
7639,3609
7640,1918
7641,2750
7642,1221
7643,4183
7644,3389
7645,3865
7646,4332
7647,2626
7648,2388
7649,2449
7650,1337
7651,4729
7652,3333
7653,577
7654,951
7655,3066
7656,868
7657,2438
7658,4372
7659,797
7660,1889
7661,997
7662,3807
7663,2822
7664,3467
7665,2518
7666,1849
7667,1901
7668,1251
7669,189
7670,713
7671,1031
7672,4765
7673,1374
7674,2836
7675,3812
7676,3320
7677,4063
7678,1476
7679,3941
7680,2222
7681,2600
7682,4531
7683,226
7684,3800
7685,1724
7686,3641
7687,1434
7688,1735
7689,3567
7690,4186
7691,1904
7692,4924
7693,588
7694,3399
7695,3429
7696,3888
7697,1252
7698,391
7699,4166
7700,357
7701,1064
7702,380
7703,2431
7704,4720
7705,1077
7706,3140
7707,4925
7708,1798
7709,741
7710,4443
7711,2943
7712,2624
7713,365
7714,4052
7715,2956
7716,4553
7717,1672
7718,4265
7719,3285
7720,1244
7721,1054
7722,4268
7723,2894
7724,1035
7725,1255
7726,776
7727,4699
7728,1333
7729,4813
7730,2182
7731,582
7732,4784
7733,4484
7734,1602
7735,4096
7736,1875
7737,3602
7738,1042
7739,1749
7740,3311
7741,2043
7742,2485
7743,4871
7744,3818
7745,3818
7746,1183
7747,3331
7748,4885
7749,724
7750,3161
7751,3444
7752,3722
7753,2913
7754,3182
7755,1599
7756,890
7757,4900
7758,492
7759,607
7760,1553
7761,4896
7762,3695
7763,1445
7764,2648
7765,2426
7766,1185
7767,1150
7768,2254
7769,1344
7770,2483
7771,4368
7772,4012
7773,1735
7774,1427
7775,3102
7776,4026
7777,1559
7778,1093
7779,3434
7780,4964
7781,2657
7782,3830
7783,1200
7784,2891
7785,753
7786,1311
7787,2877
7788,1748
7789,332
7790,2926
7791,3683
7792,379
7793,2743
7794,1680
7795,2680
7796,4826
7797,2861
7798,686
7799,2693
7800,581
7801,4874
7802,414
7803,1383
7804,3118
7805,2916
7806,3923
7807,2881
7808,4040
7809,3315
7810,4605
7811,2115
7812,412
7813,2752
7814,3644
7815,3073
7816,496
7817,4934
7818,1611
7819,2117
7820,3033
7821,3155
7822,4301
7823,4655
7824,1076
7825,2221
7826,4766
7827,688
7828,4644
7829,2134
7830,4009
7831,3327
7832,909
7833,2404
7834,1295
7835,1603
7836,3925
7837,2172
7838,2724
7839,4012
7840,3644
7841,3317
7842,2379
7843,4530
7844,3215
7845,2100
7846,3857
7847,3746
7848,3647
7849,4525
7850,851
7851,683
7852,4884
7853,1587
7854,4341
7855,2850
7856,159
7857,4478
7858,4390
7859,3349
7860,1574
7861,2793
7862,1746
7863,1214
7864,2733
7865,183
7866,3233
7867,3334
7868,3806
7869,1121
7870,2443
7871,1998
7872,4357
7873,1432
7874,3028
7875,3340
7876,4520
7877,2974
7878,4838
7879,1855
7880,889
7881,2863
7882,457
7883,404
7884,310
7885,666
7886,2414
7887,4567
7888,4146
7889,634
7890,705
7891,4816
7892,3198
7893,2915
7894,212
7895,4737
7896,3231
7897,1425
7898,2992
7899,3364
7900,3791
7901,4304
7902,1444
7903,3667
7904,3967
7905,918
7906,2966
7907,252
7908,566
7909,2964
7910,175
7911,2964
7912,4657
7913,1874
7914,897
7915,1089
7916,3174
7917,462
7918,4035
7919,4862
7920,1681
7921,1557
7922,2242
7923,717
7924,3119
7925,1233
7926,1025
7927,3882
7928,2343
7929,236
7930,2899
7931,1909
7932,2203
7933,3110
7934,4367
7935,4951
7936,2252
7937,782
7938,1335
7939,2338
7940,1437
7941,4086
7942,3535
7943,3777
7944,3611
7945,795
7946,1140
7947,280
7948,3989
7949,4828
7950,4553
7951,2120
7952,2187
7953,1029
7954,1533
7955,2765
7956,4918
7957,375
7958,3406
7959,4357
7960,464
7961,4072
7962,3609
7963,3424
7964,3573
7965,1058
7966,1415
7967,3713
7968,1957
7969,4623
7970,1979
7971,3021
7972,2768
7973,1288
7974,191
7975,3035
7976,4147
7977,565
7978,4598
7979,246
7980,1341
7981,1730
7982,757
7983,2904
7984,2740
7985,1791
7986,2170
7987,921
7988,4200
7989,3383
7990,1014
7991,3758
7992,3917
7993,2541
7994,2849
7995,2959
7996,247
7997,2658
7998,2497
7999,4061
8000,2905
8001,3772
8002,362
8003,2794
8004,4962
8005,2637
8006,447
8007,198
8008,3714
8009,1468
8010,1955
8011,2566
8012,3200
8013,3833
8014,2864
8015,2884
8016,3599
8017,4509
8018,593
8019,2187
8020,4803
8021,2039
8022,4096
8023,483
8024,2659
8025,386
8026,2073
8027,1938
8028,2059
8029,1903
8030,1191
8031,2302
8032,3873
8033,3596
8034,1204
8035,2451
8036,2880
8037,4211
8038,3094
8039,617
8040,1863
8041,2510
8042,4436
8043,4817
8044,4851
8045,2258
8046,2429
8047,2751
8048,3583
8049,1448
8050,3345
8051,2916
8052,2793
8053,4075
8054,2563
8055,4482
8056,4682
8057,3012
8058,841
8059,203
8060,772
8061,4532
8062,1036
8063,2558
8064,3470
8065,1154
8066,226
8067,3373
8068,272
8069,2959
8070,175
8071,2263
8072,2205
8073,4077
8074,3746
8075,2670
8076,1040
8077,4858
8078,475
8079,4435
8080,2992
8081,243
8082,3099
8083,2781
8084,4490
8085,913
8086,1351
8087,739
8088,3899
8089,4574
8090,1279
8091,2638
8092,927
8093,419
8094,1148
8095,854
8096,2280
8097,1065
8098,3815
8099,2733
8100,4226
8101,2964
8102,2830
8103,831
8104,4808
8105,3929
8106,1086
8107,4376
8108,2844
8109,1933
8110,3344
8111,1855
8112,3128
8113,4166
8114,790
8115,769
8116,2706
8117,3835
8118,3286
8119,3095
8120,935
8121,3989
8122,3842
8123,990
8124,928
8125,4642
8126,3273
8127,4568
8128,3910
8129,1368
8130,4008
8131,979
8132,2316
8133,949
8134,4608
8135,4758
8136,802
8137,2085
8138,2555
8139,2357
8140,640
8141,2318
8142,1692
8143,4135
8144,4647
8145,2159
8146,1004
8147,762
8148,2267
8149,4122
8150,2427
8151,1229
8152,3710
8153,4467
8154,381
8155,2171
8156,4299
8157,2092
8158,1940
8159,721
8160,2619
8161,3110
8162,1793
8163,3077
8164,4312
8165,1965
8166,1405
8167,3110
8168,4534
8169,3167
8170,1233
8171,2031
8172,1645
8173,4005
8174,2228
8175,4804
8176,1364
8177,3979
8178,3583
8179,654
8180,1898
8181,497
8182,2279
8183,3424
8184,229
8185,1852
8186,368
8187,3340
8188,927
8189,4270
8190,2677
8191,1742
8192,1143
8193,371
8194,3827
8195,2447
8196,2052
8197,1217
8198,4508
8199,1406
8200,2148
8201,4836
8202,4192
8203,2253
8204,4526
8205,4664
8206,1054
8207,2799
8208,2213
8209,4407
8210,1634
8211,2585
8212,4020
8213,3175
8214,3927
8215,4220
8216,2704
8217,2131
8218,1640
8219,871
8220,1038
8221,152
8222,3303
8223,3650
8224,3510
8225,3432
8226,4505
8227,1947
8228,4682
8229,2566
8230,3775
8231,351
8232,298
8233,2143
8234,4699
8235,981
8236,4941
8237,4555
8238,1365
8239,771
8240,1249
8241,2084
8242,3140
8243,1559
8244,695
8245,3215
8246,816
8247,555
8248,3567
8249,4541
8250,1367
8251,3149
8252,1221
8253,4511
8254,2644
8255,4348
8256,3412
8257,3826
8258,218
8259,1835
8260,2496
8261,3360
8262,4976
8263,1306
8264,1375
8265,2105
8266,490
8267,2948
8268,2227
8269,4258
8270,2319
8271,1533
8272,4078
8273,1394
8274,192
8275,4500
8276,2255
8277,4398
8278,1652
8279,3299
8280,3139
8281,1482
8282,3073
8283,2970
8284,3613
8285,1229
8286,2864
8287,1124
8288,485
8289,2199
8290,2430
8291,3111
8292,3228
8293,3337
8294,3551
8295,1385
8296,2369
8297,3897
8298,260
8299,4114
8300,4032
8301,1487
8302,4421
8303,4240
8304,2521
8305,926
8306,3701
8307,2549
8308,3395
8309,3108
8310,1848
8311,3687
8312,1853
8313,2377
8314,3214
8315,4175
8316,4035
8317,3463
8318,1548
8319,4412
8320,405
8321,4549
8322,1167
8323,426
8324,839
8325,2719
8326,2859
8327,3671
8328,2879
8329,3638
8330,4859
8331,2791
8332,2009
8333,2500
8334,4308
8335,3002
8336,1059
8337,4826
8338,3973
8339,1382
8340,4532
8341,4854
8342,2262
8343,3120
8344,3378
8345,2985
8346,4688
8347,4987
8348,2292
8349,2821
8350,4972
8351,1383
8352,2655
8353,1238
8354,3277
8355,826
8356,2045
8357,388
8358,3764
8359,3835
8360,1376
8361,2946
8362,3458
8363,2737
8364,4641
8365,3007
8366,2297
8367,1475
8368,4968
8369,1303
8370,2966
8371,2089
8372,937
8373,3203
8374,4716
8375,1554
8376,4106
8377,2370
8378,2748
8379,2813
8380,4008
8381,351
8382,3140
8383,1902
8384,1398
8385,954
8386,1580
8387,3320
8388,3256
8389,1375
8390,2847
8391,4782
8392,2148
8393,1455
8394,4390
8395,1014
8396,3024
8397,3961
8398,4838
8399,1736
8400,3953
8401,977
8402,1425
8403,4125
8404,850
8405,2229
8406,2164
8407,3148
8408,411
8409,3754
8410,2953
8411,517
8412,2587
8413,761
8414,879
8415,1492
8416,3949
8417,1213
8418,2357
8419,264
8420,394
8421,919
8422,2064
8423,851
8424,4451
8425,2973
8426,1800
8427,940
8428,4335
8429,476
8430,2496
8431,2219
8432,4064
8433,871
8434,2897
8435,2923
8436,1877
8437,3628
8438,3135
8439,2795
8440,1838
8441,1977
8442,3067
8443,3332
8444,4852
8445,227
8446,4051
8447,2943
8448,542
8449,4228
8450,3634
8451,1885
8452,2211
8453,4412
8454,4403
8455,1165
8456,3402
8457,4459
8458,1581
8459,2755
8460,4928
8461,2473
8462,230
8463,4478
8464,4828
8465,2744
8466,2828
8467,4703
8468,1203
8469,410
8470,4773
8471,2000
8472,4166
8473,2094
8474,859
8475,3633
8476,2973
8477,4347
8478,2753
8479,4053
8480,330
8481,739
8482,3347
8483,2897
8484,2964
8485,4434
8486,1039
8487,4259
8488,3480
8489,3985
8490,2552
8491,1478
8492,4550
8493,1086
8494,1608
8495,1071
8496,1772
8497,946
8498,4894
8499,4430
8500,4896
8501,2819
8502,2349
8503,1224
8504,683
8505,3699
8506,4641
8507,2194
8508,2615
8509,1453
8510,3497
8511,4281
8512,616
8513,372
8514,425
8515,1278
8516,290
8517,440
8518,2985
8519,1496
8520,4060
8521,3330
8522,1591
8523,1833
8524,3405
8525,1491
8526,4906
8527,4737
8528,1511
8529,3704
8530,4407
8531,4840
8532,3940
8533,3979
8534,4520
8535,594
8536,2266
8537,3413
8538,4864
8539,1929
8540,3228
8541,1906
8542,1210
8543,3726
8544,3893
8545,3631
8546,1590
8547,4117
8548,2088
8549,2827
8550,2560
8551,210
8552,1797
8553,4013
8554,2996
8555,4121
8556,4691
8557,1377
8558,1417
8559,870
8560,2036
8561,3041
8562,1862
8563,3130
8564,1675
8565,607
8566,3788
8567,600
8568,797
8569,2136
8570,2260
8571,1093
8572,4214
8573,4759
8574,3993
8575,1693
8576,1943
8577,4111
8578,2907
8579,3725
8580,2627
8581,1617
8582,4266
8583,2930
8584,2476
8585,2810
8586,822
8587,1026
8588,2387
8589,4179
8590,3138
8591,4065
8592,4751
8593,1181
8594,1146
8595,603
8596,1063
8597,3022
8598,1803
8599,2627
8600,4672
8601,4710
8602,4490
8603,4089
8604,1710
8605,2509
8606,1767
8607,2138
8608,3112
8609,2091
8610,241
8611,2166
8612,3222
8613,2169
8614,4923
8615,4690
8616,585
8617,4989
8618,2510
8619,4479
8620,4126
8621,513
8622,3147
8623,3404
8624,4722
8625,720
8626,4232
8627,4474
8628,645
8629,4490
8630,282
8631,1461
8632,3016
8633,2736
8634,1076
8635,4703
8636,3676
8637,1721
8638,2827
8639,2449
8640,1184
8641,1327
8642,3059
8643,4256
8644,1541
8645,4064
8646,3080
8647,1282
8648,2198
8649,2953
8650,1992
8651,4698
8652,2852
8653,3966
8654,659
8655,3363
8656,1382
8657,4918
8658,3186
8659,3364
8660,1151
8661,3657
8662,2160
8663,1514
8664,4442
8665,2804
8666,4808
8667,3715
8668,1446
8669,2868
8670,2238
8671,4760
8672,592
8673,3381
8674,4917
8675,2181
8676,3924
8677,1825
8678,4725
8679,4242
8680,4149
8681,3154
8682,1657
8683,2348
8684,1779
8685,4280
8686,2750
8687,1558
8688,2554
8689,3573
8690,4798
8691,3223
8692,3999
8693,173
8694,3338
8695,795
8696,663
8697,1236
8698,3993
8699,1165
8700,1648
8701,4927
8702,1799
8703,4954
8704,2747
8705,4405
8706,313
8707,1296
8708,1809
8709,1670
8710,4531
8711,549
8712,4865
8713,3263
8714,2271
8715,1429
8716,1531
8717,825
8718,4687
8719,4862
8720,721
8721,309
8722,3768
8723,1733
8724,737
8725,190
8726,3097
8727,2401
8728,2375
8729,2774
8730,1982
8731,2441
8732,408
8733,2308
8734,2016
8735,4345
8736,4253
8737,4814
8738,3222
8739,905
8740,2244
8741,1270
8742,4513
8743,1482
8744,1611
8745,1741
8746,2986
8747,1683
8748,3508
8749,3386
8750,2858
8751,2973
8752,152
8753,2645
8754,724
8755,1784
8756,477
8757,3006
8758,1999
8759,195
8760,229
8761,4724
8762,4384
8763,2856
8764,3049
8765,4312
8766,4447
8767,2046
8768,3027
8769,1052
8770,2451
8771,1516
8772,4974
8773,437
8774,4412
8775,2212
8776,1342
8777,2972
8778,1379
8779,3552
8780,4941
8781,2390
8782,3882
8783,3489
8784,2890
8785,2290
8786,1737
8787,784
8788,3897
8789,4395
8790,3816
8791,3074
8792,3865
8793,3224
8794,3528
8795,3634
8796,386
8797,1311
8798,1156
8799,2588
8800,3646
8801,1894
8802,2045
8803,2031
8804,4149
8805,3721
8806,3021
8807,2411
8808,2572
8809,647
8810,3750
8811,4424
8812,2115
8813,2981
8814,3456
8815,3878
8816,1955
8817,296
8818,605
8819,1970
8820,1205
8821,4411
8822,1914
8823,670
8824,3583
8825,2441
8826,4922
8827,4723
8828,585
8829,2400
8830,3883
8831,3176
8832,865
8833,3640
8834,1807
8835,2563
8836,1875
8837,1925
8838,226
8839,230
8840,4802
8841,4330
8842,1139
8843,3542
8844,2757
8845,4830
8846,1837
8847,2501
8848,4708
8849,3486
8850,178
8851,4517
8852,2472
8853,3331
8854,4671
8855,4463
8856,4667
8857,1461
8858,3173
8859,3929
8860,273
8861,1874
8862,1090
8863,4597
8864,3591
8865,1477
8866,571
8867,1796
8868,2805
8869,4313
8870,451
8871,4433
8872,1615
8873,3196
8874,2750
8875,797
8876,3589
8877,228
8878,2448
8879,3962
8880,4612
8881,3660
8882,3084
8883,648
8884,3492
8885,557
8886,1535
8887,1668
8888,4622
8889,2798
8890,4349
8891,2977
8892,2909
8893,4796
8894,4030
8895,4051
8896,3671
8897,908
8898,2812
8899,1159
8900,4988
8901,1393
8902,1545
8903,3719
8904,350
8905,4106
8906,4350
8907,3888
8908,3809
8909,2468
8910,286
8911,1695
8912,1171
8913,2239
8914,1348
8915,2936
8916,2036
8917,1138
8918,258
8919,1993
8920,4417
8921,4231
8922,3009
8923,2710
8924,2588
8925,3104
8926,2286
8927,4260
8928,3805
8929,3128
8930,4725
8931,431
8932,2900
8933,3460
8934,3328
8935,296
8936,3125
8937,2129
8938,3516
8939,1815
8940,2557
8941,4374
8942,4015
8943,2355
8944,1881
8945,2802
8946,1963
8947,1976
8948,2424
8949,4415
8950,3369
8951,957
8952,2635
8953,3022
8954,2172
8955,1067
8956,4724
8957,4208
8958,2115
8959,1686
8960,320
8961,3001
8962,3439
8963,376
8964,4170
8965,1781
8966,3220
8967,4509
8968,2360
8969,3782
8970,194
8971,2188
8972,2467
8973,2489
8974,3746
8975,2130
8976,4607
8977,1726
8978,164
8979,2595
8980,1882
8981,2134
8982,1737
8983,2122
8984,3447
8985,3702
8986,403
8987,4842
8988,1565
8989,984
8990,3278
8991,1687
8992,1814
8993,4332
8994,3950
8995,3972
8996,2696
8997,3299
8998,4114
8999,4151
9000,3313
9001,4265
9002,4028
9003,3337
9004,4900
9005,221
9006,3822
9007,4917
9008,2070
9009,4352
9010,2354
9011,4462
9012,458
9013,4889
9014,1605
9015,4212
9016,2287
9017,3362
9018,1072
9019,577
9020,3511
9021,532
9022,665
9023,1753
9024,3360
9025,4311
9026,4389
9027,4360
9028,530
9029,1125
9030,4149
9031,1482
9032,3879
9033,1131
9034,740
9035,768
9036,4648
9037,3687
9038,4993
9039,1325
9040,3555
9041,4156
9042,382
9043,1953
9044,594
9045,4105
9046,1909
9047,3770
9048,1136
9049,2358
9050,3045
9051,2485
9052,3066
9053,460
9054,3121
9055,3227
9056,1706
9057,154
9058,2747
9059,2268
9060,465
9061,2187
9062,4287
9063,2119
9064,1371
9065,2943
9066,4216
9067,4943
9068,3551
9069,2390
9070,3077
9071,2459
9072,2619
9073,4921
9074,2270
9075,1811
9076,158
9077,3988
9078,207
9079,733
9080,3054
9081,4518
9082,2470
9083,3580
9084,4767
9085,2043
9086,1896
9087,3367
9088,3453
9089,3572
9090,4665
9091,337
9092,537
9093,839
9094,4501
9095,3083
9096,177
9097,328
9098,1391
9099,1339
9100,3009
9101,3478
9102,4914
9103,3095
9104,1595
9105,4125
9106,237
9107,1044
9108,2467
9109,4587
9110,3326
9111,2415
9112,3611
9113,4167
9114,4012
9115,4737
9116,1016
9117,3163
9118,1151
9119,3476
9120,1056
9121,4163
9122,3987
9123,2587
9124,3170
9125,3007
9126,3576
9127,3604
9128,4430
9129,1041
9130,3944
9131,3944
9132,2747
9133,942
9134,2854
9135,2643
9136,2290
9137,4202
9138,2686
9139,703
9140,3914
9141,1822
9142,3669
9143,164
9144,637
9145,1665
9146,3053
9147,4979
9148,1326
9149,2491
9150,1825
9151,2756
9152,4650
9153,4911
9154,1262
9155,1368
9156,2237
9157,2608
9158,4215
9159,2581
9160,2202
9161,1234
9162,4033
9163,4001
9164,802
9165,2032
9166,2228
9167,3028
9168,4726
9169,1755
9170,4579
9171,586
9172,3712
9173,431
9174,3088
9175,1997
9176,1975
9177,3384
9178,559
9179,469
9180,427
9181,2956
9182,4408
9183,3664
9184,4667
9185,1886
9186,3195
9187,510
9188,3499
9189,1333
9190,1858
9191,1944
9192,1055
9193,2800
9194,2670
9195,1959
9196,1541
9197,4417
9198,2333
9199,1151
9200,2623
9201,767
9202,1705
9203,2383
9204,2050
9205,954
9206,2758
9207,4894
9208,3337
9209,2078
9210,912
9211,1189
9212,1816
9213,3451
9214,1364
9215,266
9216,3872
9217,4007
9218,4792
9219,2049
9220,4027
9221,803
9222,3580
9223,246
9224,2836
9225,4692
9226,3260
9227,3934
9228,4479
9229,1256
9230,244
9231,3946
9232,2720
9233,3420
9234,3556
9235,4667
9236,2258
9237,4324
9238,439
9239,2179
9240,1759
9241,3460
9242,2042
9243,2345
9244,2597
9245,4495
9246,2272
9247,4357
9248,3595
9249,443
9250,1742
9251,4544
9252,4856
9253,1523
9254,4674
9255,1001
9256,373
9257,3507
9258,558
9259,1024
9260,2035
9261,157
9262,3400
9263,414
9264,1129
9265,3441
9266,3488
9267,4704
9268,531
9269,3895
9270,1005
9271,2288
9272,3052
9273,1017
9274,1749
9275,1833
9276,4234
9277,3883
9278,3027
9279,1341
9280,1198
9281,4055
9282,3136
9283,1201
9284,3254
9285,4232
9286,301
9287,2703
9288,1369
9289,1843
9290,3918
9291,2276
9292,2998
9293,1855
9294,3046
9295,1254
9296,4035
9297,4368
9298,2673
9299,3171
9300,4327
9301,3749
9302,4401
9303,1400
9304,4125
9305,1265
9306,4080
9307,1072
9308,3411
9309,3737
9310,517
9311,3251
9312,2747
9313,4257
9314,624
9315,2702
9316,2366
9317,1360
9318,1701
9319,662
9320,2063
9321,4327
9322,3796
9323,4979
9324,181
9325,4807
9326,3176
9327,4153
9328,4183
9329,4529
9330,1444
9331,4378
9332,2231
9333,2830
9334,3756
9335,4618
9336,666
9337,3794
9338,3536
9339,4456
9340,833
9341,3331
9342,4313
9343,1702
9344,1583
9345,193
9346,3311
9347,4180
9348,345
9349,1976
9350,810
9351,1075
9352,4618
9353,1171
9354,1839
9355,1539
9356,583
9357,4073
9358,1312
9359,556
9360,3640
9361,2182
9362,3307
9363,4784
9364,1385
9365,1931
9366,713
9367,418
9368,474
9369,2990
9370,1174
9371,2813
9372,3751
9373,4890
9374,1553
9375,1025
9376,2097
9377,3879
9378,181
9379,2875
9380,4827
9381,1048
9382,2095
9383,3600
9384,4604
9385,4034
9386,2959
9387,3935
9388,403
9389,695
9390,433
9391,1101
9392,1490
9393,2709
9394,4850
9395,1072
9396,4809
9397,4507
9398,1827
9399,3666
9400,1939
9401,1276
9402,1935
9403,2063
9404,2452
9405,1218
9406,3314
9407,2740
9408,3726
9409,4797
9410,2874
9411,1876
9412,2010
9413,2320
9414,3245
9415,3240
9416,1191
9417,613
9418,1555
9419,2675
9420,697
9421,463
9422,479
9423,2217
9424,4084
9425,706
9426,1533
9427,4077
9428,978
9429,1440
9430,4295
9431,568
9432,4531
9433,2609
9434,119
9435,1662
9436,4820
9437,2024
9438,4141
9439,2917
9440,4876
9441,3874
9442,1375
9443,3846
9444,4209
9445,1237
9446,1801
9447,4685
9448,4476
9449,4081
9450,1056
9451,1083
9452,273
9453,755
9454,4103
9455,1084
9456,3374
9457,4964
9458,662
9459,4212
9460,1593
9461,4790
